B,joint_length
1,0.0
5,2.6740000000000004
7,0.9809999999999999
8,0.24299999999999988
12,2.6860000000000004
13,0.20399999999999974
15,0.9870000000000001
20,8.572
21,1.8449999999999989
24,8.628
25,1.5950000000000024
26,23.147999999999996
28,13.93500000000001
31,35.56299999999999
32,45.22300000000001
33,45.257000000000005
34,45.27099999999999
35,2.7369999999999948
37,9.378000000000014
38,31.281999999999982
42,45.23700000000002
43,45.242999999999995
44,45.236999999999966
45,45.23700000000002
46,45.233000000000004
47,45.22300000000001
48,45.236999999999966
49,45.236999999999966
50,45.2170000000001
51,45.263999999999896
53,45.24800000000005
54,45.25199999999995
55,45.24300000000005
57,45.24800000000005
58,45.26299999999992
62,45.25300000000004
63,43.35200000000009
65,45.23799999999983
66,45.23199999999997
67,45.25700000000006
68,45.26700000000005
69,45.261999999999944
70,45.24700000000007
72,42.33199999999988
76,45.25700000000006
77,45.22700000000009
78,45.238000000000056
79,45.18299999999999
80,45.23299999999995
81,45.18299999999999
82,25.75999999999999
84,45.25700000000006
85,45.25199999999995
86,45.24800000000005
87,45.22199999999998
88,45.266999999999825
89,45.228000000000065
90,45.27600000000007
92,45.23299999999995
93,45.24800000000005
94,45.277000000000044
95,45.2529999999997
96,45.253000000000156
97,45.253000000000156
98,45.2529999999997
99,45.26200000000017
100,45.24200000000019
101,45.24800000000005
102,45.26599999999962
103,45.25200000000041
106,45.261999999999716
107,45.253000000000156
108,45.246999999999844
109,45.271999999999935
110,45.26099999999997
111,45.238000000000284
112,45.25199999999995
113,45.222999999999956
114,45.246999999999844
115,45.25700000000006
116,45.24299999999994
117,31.052000000000135
118,45.25199999999995
119,35.20499999999993
120,45.22900000000027
121,45.22799999999961
122,45.238000000000284
123,45.24299999999994
124,45.246999999999844
125,45.2470000000003
126,45.222999999999956
127,45.271999999999935
128,45.25199999999995
129,45.266999999999825
130,45.25700000000006
131,45.26700000000028
132,45.25199999999995
133,45.23700000000008
134,45.266999999999825
135,45.25199999999995
136,45.25199999999995
137,45.25199999999995
138,45.26200000000017
139,45.277000000000044
140,45.222999999999956
141,45.22199999999975
142,45.228000000000065
143,45.22199999999975
144,45.24300000000039
145,45.24200000000019
146,45.2529999999997
147,45.228000000000065
148,45.238000000000284
149,45.25799999999981
150,45.24799999999959
151,45.262000000000626
152,45.26299999999992
153,45.2519999999995
154,45.262000000000626
155,45.25699999999961
156,45.25200000000041
157,45.261999999999716
158,45.25200000000041
159,45.261999999999716
160,45.266999999999825
161,45.266999999999825
162,45.2470000000003
163,45.266999999999825
164,45.25200000000041
165,45.25699999999961
166,45.24300000000039
167,45.261999999999716
168,45.25699999999961
169,45.25300000000061
170,45.24799999999959
171,45.228000000000065
172,45.22400000000016
173,45.24299999999948
174,45.238000000000284
175,45.21700000000055
176,45.237999999999374
177,45.2470000000003
178,45.25699999999961
179,45.262000000000626
180,45.24699999999939
181,45.2470000000003
182,45.2529999999997
183,45.2470000000003
184,45.28600000000006
185,45.25699999999961
186,45.267000000000735
187,45.276999999999134
188,45.267000000000735
189,45.29100000000017
191,45.1929999999993
192,45.271999999999935
193,45.2470000000003
194,45.271999999999935
195,45.25200000000041
196,45.261999999999716
197,45.261999999999716
198,45.25799999999981
199,36.314000000000306
200,45.24300000000039
201,45.233000000000175
202,45.232999999999265
203,45.26299999999992
204,45.238000000000284
205,45.271999999999935
206,45.29600000000028
207,45.266999999999825
208,45.222999999999956
209,45.28600000000006
210,35.48900000000049
211,42.42499999999927
212,45.27599999999984
213,45.277000000000044
215,45.262000000000626
216,45.24200000000019
217,45.237999999999374
218,38.78200000000015
219,45.2480000000005
220,45.245999999999185
221,45.25800000000072
222,45.21900000000005
223,45.24799999999959
224,45.28200000000015
226,45.277000000000044
229,45.28399999999965
230,42.311000000000604
231,42.28299999999945
232,45.310999999999694
233,45.272000000000844
234,45.261999999999716
236,45.27099999999973
237,45.25200000000041
238,45.25699999999961
239,45.272000000000844
240,45.25199999999859
241,45.28200000000106
242,45.277000000000044
243,9.920000000000073
244,2.1299999999991996
246,10.543999999999869
247,28.90099999999984
248,45.272000000000844
249,45.262000000000626
250,45.26199999999881
251,45.23700000000099
252,45.193999999999505
253,45.001000000000204
255,45.25200000000041
256,45.26199999999881
257,45.25300000000061
258,45.30400000000009
259,32.766999999999825
260,45.277000000000044
261,45.25799999999981
262,45.24300000000039
263,45.28700000000026
264,45.26800000000003
265,45.266999999999825
266,45.266999999999825
267,45.21299999999974
268,45.25699999999961
269,45.277000000000044
270,45.24699999999939
271,45.23700000000099
272,45.237999999999374
273,45.24700000000121
274,45.24699999999939
275,45.262000000000626
276,45.266999999999825
277,45.266999999999825
278,45.22199999999975
279,45.21299999999974
280,45.29100000000108
281,45.25799999999981
282,45.27099999999882
283,30.44300000000112
284,45.25299999999879
285,45.27100000000064
286,45.28700000000026
287,45.29600000000028
288,45.24799999999959
289,45.24300000000039
290,45.237999999999374
291,45.193999999999505
292,45.24200000000019
293,45.25799999999981
294,32.54399999999987
295,45.27300000000105
296,45.29600000000028
297,45.26199999999881
298,45.28200000000106
299,45.28099999999904
300,35.81800000000112
301,45.25199999999859
302,45.272000000000844
303,45.24699999999939
304,45.25699999999961
305,45.267000000001644
306,45.20299999999952
307,45.1929999999993
308,45.24799999999959
309,45.23199999999997
313,45.25200000000041
314,45.24799999999959
315,45.28200000000106
316,45.26299999999901
317,45.26300000000083
318,45.24799999999959
319,45.272000000000844
320,45.28199999999924
321,45.29199999999946
322,45.27100000000064
323,45.262000000000626
324,43.85399999999936
325,45.22700000000077
326,45.237999999999374
327,45.27100000000064
328,6.209999999999127
329,45.27100000000064
331,45.29199999999946
332,45.25699999999961
333,45.262000000000626
334,45.28600000000006
335,45.271999999999025
336,45.257000000001426
337,45.271999999999025
339,45.266999999999825
340,45.262000000000626
341,28.744000000000597
342,45.24699999999939
343,45.25699999999961
344,45.21800000000076
345,45.24699999999939
346,45.25300000000061
347,45.24300000000039
348,45.237999999999374
349,45.28199999999924
351,45.26800000000003
352,36.48099999999977
353,45.26300000000083
354,45.262000000000626
355,45.271999999999025
356,45.26599999999962
357,45.262000000000626
358,45.24799999999959
359,45.26100000000042
360,45.25300000000061
361,45.27599999999984
362,45.277000000000044
363,45.25699999999961
364,45.20800000000054
365,45.23199999999997
366,45.237999999999374
367,45.23199999999997
368,45.266999999999825
369,45.25300000000061
370,45.277000000000044
371,45.27299999999923
372,45.29199999999946
373,45.262000000000626
374,45.29199999999946
375,45.29200000000128
376,45.29699999999866
377,45.277000000000044
378,45.26600000000144
379,45.271999999999025
380,45.277000000000044
381,45.272000000000844
382,45.25199999999859
383,42.60100000000057
384,45.24700000000121
385,45.237999999999374
386,45.22699999999895
387,45.24800000000141
388,45.26199999999881
389,45.29100000000108
390,45.271999999999025
391,45.262000000000626
392,45.25699999999961
393,45.24699999999939
394,45.267000000001644
395,45.266999999999825
396,45.25199999999859
397,45.28100000000086
398,22.432999999999083
399,45.272000000000844
404,43.5
405,45.22400000000016
406,45.227999999999156
407,45.24800000000141
408,45.24799999999959
409,45.25699999999961
410,40.37800000000061
411,45.237999999999374
412,45.21299999999974
413,45.20800000000054
414,45.24699999999939
415,45.23199999999997
416,45.266999999999825
417,45.262000000000626
418,45.19800000000032
419,45.1929999999993
420,37.27599999999984
421,8.747000000001208
422,45.1979999999985
423,45.29700000000048
424,45.27599999999984
425,45.125
426,45.28100000000086
427,34.826999999999316
428,45.262000000000626
429,45.26599999999962
430,45.20299999999952
431,45.233000000000175
432,45.272000000000844
433,45.25699999999961
434,45.25799999999981
435,45.24300000000039
436,45.233000000000175
437,45.198999999998705
438,45.20400000000154
439,45.16899999999987
440,45.276999999998225
441,45.257000000001426
443,45.23700000000099
444,31.985000000000582
445,45.22699999999895
446,45.26199999999881
447,45.257000000001426
448,45.21299999999974
449,45.20799999999872
450,45.24699999999939
451,45.24699999999939
452,45.26700000000346
453,45.1929999999993
454,45.18899999999849
455,45.29200000000128
456,45.266999999999825
457,45.20799999999872
458,34.96900000000096
459,45.26800000000003
460,45.276999999998225
461,45.28200000000288
462,45.292999999997846
463,45.23700000000099
465,35.0570000000007
466,45.17399999999907
467,45.26199999999881
468,45.23199999999997
469,45.23800000000119
470,45.27100000000064
471,45.29199999999764
472,45.27600000000166
473,45.27700000000186
474,45.26199999999881
475,45.24699999999939
476,45.266999999999825
477,45.272000000000844
478,45.272000000000844
479,45.26599999999962
480,41.57099999999991
481,45.21800000000076
482,45.23699999999735
483,45.24799999999959
484,45.25200000000041
485,44.6919999999991
486,45.2970000000023
487,45.24799999999959
488,45.31100000000151
489,45.25799999999799
490,45.223000000001775
491,45.30199999999968
492,45.26299999999901
493,45.28199999999924
494,45.315999999998894
495,45.257000000001426
496,45.25200000000041
497,45.233000000000175
498,45.22699999999895
499,45.23800000000119
500,45.263999999999214
501,45.28399999999965
502,45.262000000002445
504,45.29099999999744
505,45.25200000000041
507,45.266999999999825
508,45.2970000000023
510,42.237999999997555
511,45.300999999999476
512,45.23800000000119
513,45.242999999998574
515,45.24800000000323
516,5.090999999996711
517,45.228000000002794
518,45.233000000000175
519,45.237999999997555
520,45.25300000000061
521,45.26100000000224
522,45.25699999999779
524,45.266999999999825
525,40.236000000000786
526,45.21800000000076
527,45.26199999999881
528,45.26199999999881
529,45.26600000000326
530,45.276999999998225
531,45.29100000000108
532,45.25699999999779
533,45.21800000000076
534,45.21299999999974
535,45.223000000001775
536,45.24199999999837
537,45.21800000000076
538,45.20300000000134
539,45.24699999999939
540,45.25699999999779
542,45.266999999999825
543,45.21800000000076
544,45.306000000000495
545,45.26299999999901
546,45.272000000000844
547,45.26299999999901
548,45.25800000000163
549,45.26199999999881
550,45.28199999999924
551,45.28200000000288
552,45.25299999999697
553,45.26100000000224
554,45.21800000000076
555,45.227999999999156
556,45.23199999999997
557,45.24699999999939
558,45.257000000001426
559,45.276999999998225
560,45.25200000000041
561,45.272000000000844
562,45.23700000000099
563,45.237999999997555
564,45.24699999999939
565,45.262000000002445
566,45.28600000000006
567,45.266999999999825
568,45.237999999997555
569,32.65600000000268
570,45.2029999999977
571,45.21800000000076
572,45.233000000000175
573,45.25200000000041
574,45.233000000000175
575,45.25799999999799
576,45.25300000000061
577,45.27700000000186
578,45.25799999999799
579,45.266999999999825
580,45.28700000000026
581,45.24799999999959
582,45.24200000000201
583,45.25200000000041
584,45.266999999999825
585,45.27599999999802
586,45.24300000000221
587,45.23699999999735
588,45.27700000000186
589,45.22699999999895
590,45.20800000000236
591,45.26199999999881
592,45.24699999999939
593,45.272000000000844
594,45.25699999999779
595,45.27700000000186
596,45.26800000000003
597,45.25300000000061
598,45.25200000000041
599,45.25299999999697
600,45.23800000000119
601,30.635000000002037
602,45.21399999999994
603,45.22699999999895
604,45.23800000000119
606,45.23199999999997
607,45.24699999999939
608,45.25699999999779
609,41.733000000000175
610,45.296000000002095
611,45.28700000000026
612,45.27599999999802
613,45.227999999999156
614,45.28200000000288
615,45.25699999999779
616,45.25200000000041
617,45.28099999999904
618,45.2970000000023
619,45.26599999999962
620,33.800999999999476
621,45.223000000001775
622,45.22699999999895
623,44.76599999999962
624,45.24699999999939
625,45.27300000000105
626,45.29100000000108
627,45.27799999999843
628,45.257000000001426
629,45.25799999999799
631,45.25300000000061
632,45.266999999999825
633,45.28299999999945
634,45.266999999999825
635,45.23199999999997
636,45.23700000000099
637,45.23800000000119
638,45.23699999999735
639,45.21800000000076
640,45.272000000000844
641,45.25699999999779
642,45.27600000000166
646,45.27700000000186
647,45.266999999999825
649,45.26199999999881
650,45.25200000000041
651,45.276999999998225
652,45.296000000002095
653,45.26299999999901
654,45.272000000000844
655,29.14300000000003
656,45.21299999999974
657,45.26299999999901
658,45.150000000001455
659,45.18899999999849
660,45.272000000000844
661,45.24199999999837
662,45.223000000001775
663,45.19800000000032
664,25.263999999999214
665,45.24199999999837
666,45.266999999999825
667,45.272000000000844
668,32.23500000000058
669,45.28099999999904
670,45.272000000000844
671,45.272000000000844
672,45.266999999999825
673,27.468000000000757
674,45.26199999999881
675,45.27600000000166
676,45.25799999999799
677,45.26599999999962
678,45.30199999999968
679,45.24699999999939
680,45.213000000003376
681,45.221999999997934
682,45.233000000000175
684,21.302999999999884
685,45.227999999999156
686,45.26800000000003
687,45.272000000000844
688,45.28299999999945
689,45.266999999999825
690,45.25300000000061
691,45.46299999999974
692,45.26800000000003
693,45.24699999999939
694,45.22700000000259
695,45.233000000000175
696,45.22699999999895
697,45.22299999999814
698,45.228000000002794
699,37.9529999999977
700,45.257000000001426
701,45.23700000000099
702,45.24199999999837
703,45.21800000000076
704,45.300999999999476
705,45.272000000000844
706,45.25699999999779
707,45.262000000002445
708,45.24699999999939
709,45.26199999999881
710,45.262000000002445
711,45.26199999999881
712,45.24699999999939
713,34.650000000001455
714,45.233000000000175
715,45.203999999997905
716,45.223000000001775
717,45.237999999997555
718,45.24799999999959
719,45.26800000000003
720,45.23800000000119
721,45.257000000001426
722,45.25699999999779
723,45.24200000000201
724,45.25699999999779
725,45.20300000000134
726,28.479999999999563
727,42.21800000000076
728,45.26199999999881
729,31.586999999999534
730,45.23700000000099
731,45.257000000001426
732,45.25300000000061
733,45.25699999999779
734,45.23700000000099
735,45.22299999999814
736,45.18800000000192
737,39.96099999999933
738,45.17499999999927
739,45.233000000000175
740,45.23800000000119
741,45.26299999999901
742,45.23800000000119
744,45.242999999998574
745,45.266999999999825
746,45.25200000000041
747,45.26199999999881
748,45.24700000000303
749,45.266999999999825
750,45.25200000000041
751,45.23699999999735
752,45.272000000000844
753,45.27700000000186
754,45.177999999999884
755,45.14899999999761
756,45.20800000000236
757,45.21299999999974
758,45.22299999999814
760,41.47200000000157
761,45.24699999999939
762,45.25200000000041
763,45.26199999999881
764,45.257000000001426
765,45.26199999999881
766,45.272000000000844
767,45.272000000000844
768,45.198999999996886
769,45.19800000000032
770,45.26800000000003
771,45.26300000000265
772,45.25200000000041
773,45.242999999998574
774,45.203999999997905
775,34.82600000000093
776,45.233000000000175
777,45.223000000001775
779,45.28099999999904
780,45.29200000000128
781,45.23699999999735
782,45.257000000001426
783,45.29599999999846
784,45.257000000001426
785,45.242999999998574
786,45.24200000000201
787,45.24699999999939
788,45.233000000000175
789,45.23700000000099
790,45.300999999999476
791,45.25300000000061
792,45.233000000000175
793,45.227999999999156
794,45.21399999999994
795,45.193999999999505
796,45.21299999999974
801,45.23400000000038
802,45.24699999999939
803,45.26199999999881
804,45.257000000001426
805,45.24199999999837
806,40.24600000000282
807,45.25699999999779
808,45.22700000000259
809,45.18799999999828
810,45.17900000000009
811,45.257000000001426
812,45.300999999999476
813,45.29599999999846
814,45.28700000000026
815,45.227999999999156
816,45.296000000002095
817,45.25200000000041
818,45.23199999999997
819,45.26199999999881
820,45.257000000001426
821,45.26199999999881
822,45.24799999999959
823,45.288000000000466
824,45.27000000000044
825,45.27300000000105
826,45.25799999999799
827,45.242999999998574
828,45.24200000000201
829,45.25300000000061
830,45.22400000000198
831,45.266999999999825
832,45.2809999999954
833,42.67000000000553
834,45.22799999999552
835,45.22299999999814
836,45.213000000003376
838,45.22200000000157
839,45.237999999997555
840,45.23700000000099
841,45.23700000000099
842,45.25699999999779
843,45.25299999999697
844,45.242000000005646
846,45.2129999999961
847,45.1050000000032
848,45.24300000000221
849,45.242999999994936
850,45.24300000000221
851,45.25200000000041
852,45.25299999999697
853,45.22400000000198
854,45.213000000003376
855,45.24699999999575
856,45.228000000002794
857,45.23199999999633
858,43.49500000000262
859,45.24699999999575
860,45.25300000000425
861,45.2609999999986
862,45.262000000002445
863,45.25299999999697
864,45.24700000000303
865,45.23199999999633
866,45.23800000000483
867,45.24699999999575
868,45.22699999999895
869,45.25300000000425
870,45.19799999999668
871,45.23200000000361
872,45.22299999999814
873,45.2129999999961
874,45.16800000000512
875,44.69799999999668
876,45.262000000002445
878,45.25299999999697
879,45.27200000000448
880,45.242999999994936
881,45.25800000000163
882,45.25200000000041
883,45.2390000000014
884,45.22299999999814
885,45.24700000000303
886,45.27699999999459
887,45.23200000000361
888,45.25699999999779
889,45.21800000000076
890,45.233000000000175
891,45.23700000000099
892,45.23700000000099
893,45.22299999999814
894,45.24199999999837
895,45.257000000005064
896,45.233000000000175
897,45.24699999999575
898,45.24199999999837
899,23.266999999999825
900,45.2670000000071
901,45.25699999999779
902,45.25200000000041
903,45.25200000000041
904,45.25699999999779
905,45.266999999999825
906,45.262000000002445
907,45.266999999999825
908,45.257999999994354
909,45.21800000000076
910,45.24799999999959
911,45.25800000000163
912,45.24300000000221
914,45.266999999999825
915,45.26799999999639
916,45.26600000000326
917,45.22299999999814
918,45.20799999999872
919,45.213000000003376
920,45.22299999999814
921,45.20799999999872
922,45.25200000000041
923,45.23700000000099
924,45.23700000000099
925,45.25699999999779
926,45.27200000000448
927,45.27699999999459
929,38.93000000000029
930,36.6820000000007
931,45.25200000000041
932,45.26800000000367
933,45.28199999999924
934,45.233000000000175
935,45.22799999999552
936,45.20400000000518
937,45.21800000000076
938,45.27699999999459
939,45.21600000000035
940,45.2300000000032
941,45.27100000000064
942,45.262000000002445
943,45.25499999999738
944,45.26900000000023
945,45.25200000000041
946,45.22799999999552
947,45.24700000000303
948,45.25200000000041
949,45.27700000000186
950,45.24699999999575
951,45.21800000000076
952,45.213000000003376
953,45.21800000000076
954,38.38499999999476
955,45.242000000005646
956,45.24199999999837
957,45.25200000000041
958,45.28199999999924
959,45.266999999999825
960,45.27700000000186
961,45.25699999999779
962,45.23399999999674
963,45.233000000000175
965,45.25300000000425
966,45.286999999996624
967,45.25699999999779
968,45.20900000000256
969,45.20300000000134
970,45.2129999999961
972,19.742000000005646
974,0.9309999999968568
975,24.540000000000873
976,45.23200000000361
977,45.22299999999814
979,45.23700000000099
980,45.22799999999552
981,45.257000000005064
982,45.25199999999313
983,45.242000000005646
984,45.25699999999779
985,45.24300000000221
986,34.36899999999878
987,45.237999999997555
988,45.266999999999825
989,45.22300000000541
990,45.2239999999947
991,45.257000000005064
992,45.257999999994354
993,45.30200000000332
994,45.271999999997206
995,45.26800000000367
996,45.24699999999575
997,45.257000000005064
998,45.27699999999459
999,45.22700000000623
1000,45.26199999999517
1001,45.262000000002445
1002,45.24699999999575
1003,21.269000000000233
1004,45.27200000000448
1005,45.177999999999884
1006,44.879000000000815
1007,45.25200000000041
1008,45.26199999999517
1009,45.257000000005064
1010,45.266999999999825
1011,45.237999999997555
1012,45.25200000000041
1013,45.29099999999744
1014,27.699000000000524
1015,45.213000000003376
1016,45.1929999999993
1017,45.20300000000134
1018,45.233000000000175
1019,45.22299999999814
1020,45.22400000000198
1021,45.24799999999959
1022,42.3269999999975
1023,45.26299999999901
1024,45.25699999999779
1025,45.278000000005704
1026,45.25200000000041
1027,45.24199999999837
1028,45.24699999999575
1029,45.23800000000483
1030,45.23700000000099
1031,45.24199999999837
1032,45.233000000000175
1033,45.27100000000064
1034,45.233000000000175
1035,45.22299999999814
1036,45.19799999999668
1037,45.20300000000134
1038,45.18800000000192
1039,45.228000000002794
1040,45.211999999999534
1041,45.22299999999814
1042,45.24199999999837
1043,45.22299999999814
1044,45.23800000000483
1045,45.265999999995984
1046,45.27700000000186
1047,45.30599999999686
1048,45.312000000005355
1049,45.31699999999546
1050,41.929000000003725
1052,45.31699999999546
1053,45.30200000000332
1054,45.30200000000332
1055,45.30599999999686
1056,45.28199999999924
1058,45.29099999999744
1059,45.28200000000652
1060,45.26199999999517
1061,45.262000000002445
1062,45.266999999999825
1063,45.262000000002445
1064,45.265999999995984
1065,45.25299999999697
1066,45.30100000000675
1067,45.266999999999825
1068,45.31099999999424
1069,45.242000000005646
1070,45.20799999999872
1071,36.175999999999476
1072,45.233000000000175
1073,27.409999999996217
1074,45.15500000000611
1075,45.237999999997555
1076,45.237999999997555
1077,45.23800000000483
1078,45.24799999999959
1079,45.242999999994936
1080,45.257000000005064
1081,30.91399999999703
1082,45.25699999999779
1083,31.04200000000128
1084,45.28600000000006
1085,45.271999999997206
1086,45.28100000000268
1087,45.27700000000186
1088,44.3640000000014
1089,45.25699999999779
1090,45.27100000000064
1091,45.32600000000093
1092,45.30599999999686
1093,45.27700000000186
1094,45.266999999999825
1095,45.23199999999633
1096,45.24800000000687
1097,45.25699999999779
1098,41.299999999995634
1099,5.639999999999418
1101,37.83600000000297
1102,45.296000000002095
1103,45.28199999999924
1104,45.20300000000134
1105,45.22799999999552
1106,45.2190000000046
1107,45.22299999999814
1108,45.19400000000314
1109,45.21399999999994
1110,45.22699999999895
1111,45.26799999999639
1112,45.24199999999837
1113,45.179000000003725
1114,45.12399999999616
1115,45.257000000005064
1116,45.25200000000041
1117,45.25699999999779
1118,45.27700000000186
1119,45.31100000000151
1120,45.26199999999517
1121,34.62000000000262
1122,45.25699999999779
1123,45.271999999997206
1124,45.262000000002445
1125,45.262000000002445
1126,45.25299999999697
1127,45.266999999999825
1128,45.24799999999959
1129,45.26299999999901
1130,45.25200000000041
1131,45.25300000000425
1132,45.24199999999837
1133,45.21399999999994
1134,45.20799999999872
1135,45.20300000000134
1136,45.179000000003725
1137,45.25699999999779
1138,45.24199999999837
1139,45.25699999999779
1140,45.262000000002445
1141,39.038000000000466
1142,45.25699999999779
1143,45.23200000000361
1144,45.266999999999825
1145,45.25699999999779
1146,45.266999999999825
1147,45.24700000000303
1148,45.266999999999825
1149,45.266999999999825
1150,45.20300000000134
1151,45.26199999999517
1152,45.28100000000268
1153,45.27700000000186
1154,45.25200000000041
1155,45.26299999999901
1156,45.26199999999517
1157,45.27300000000105
1158,45.266999999999825
1159,45.25800000000163
1160,45.24799999999959
1161,45.24799999999959
1162,45.28600000000006
1163,45.2870000000039
1164,45.24199999999837
1165,45.22799999999552
1166,45.23200000000361
1167,45.20799999999872
1168,45.213000000003376
1169,45.20799999999872
1170,45.177999999999884
1171,45.22299999999814
1172,45.22299999999814
1174,45.24700000000303
1175,45.28600000000006
1176,45.30199999999604
1179,45.296000000002095
1180,45.27700000000186
1181,45.265999999995984
1182,30.286000000000058
1183,45.262000000002445
1184,45.266999999999825
1185,45.20300000000134
1186,45.25699999999779
1187,45.2870000000039
1188,45.25299999999697
1190,45.2870000000039
1191,45.26299999999901
1192,45.233000000000175
1193,45.199000000000524
1194,45.21800000000076
1195,45.20799999999872
1196,45.20799999999872
1197,45.228000000002794
1198,45.23199999999633
1199,45.228000000002794
1200,38.958999999995285
1201,45.23800000000483
1202,45.236999999993714
1203,45.24700000000303
1204,45.237999999997555
1205,45.23700000000099
1206,45.2870000000039
1207,42.20300000000134
1208,45.257999999994354
1209,45.257000000005064
1210,45.29599999999482
1211,45.278000000005704
1212,45.27699999999459
1213,45.26299999999901
1214,45.27200000000448
1215,36.663000000000466
1216,45.04599999999482
1217,45.27300000000105
1218,45.262000000002445
1219,45.24700000000303
1220,45.266999999999825
1221,45.265999999995984
1222,45.27200000000448
1223,25.435999999994237
1224,45.266999999999825
1225,45.28199999999924
1226,45.242000000005646
1227,45.266999999999825
1228,45.26199999999517
1229,45.27200000000448
1230,39.33199999999488
1231,45.24700000000303
1232,45.262000000002445
1233,45.237999999997555
1234,45.24700000000303
1235,25.347999999998137
1236,28.02799999999843
1237,45.25200000000041
1238,45.22699999999895
1239,45.20799999999872
1240,45.21800000000076
1241,45.20400000000518
1242,45.2129999999961
1243,45.18499999999767
1244,45.27200000000448
1245,45.233000000000175
1246,45.25299999999697
1247,45.23999999999796
1248,45.270000000004075
1249,45.25699999999779
1250,45.28100000000268
1251,45.26199999999517
1252,45.25200000000041
1253,45.25200000000041
1254,45.257000000005064
1255,45.29200000000128
1256,45.23199999999633
1257,45.228000000002794
1258,42.370999999999185
1259,45.26199999999517
1260,45.24700000000303
1261,45.24700000000303
1262,45.233000000000175
1263,45.19399999999587
1264,45.19800000000396
1265,35.3179999999993
1266,45.184000000001106
1267,45.2329999999929
1268,45.21399999999994
1269,45.22300000000541
1270,45.2129999999961
1271,45.233000000000175
1272,45.24199999999837
1273,45.242000000005646
1274,45.26199999999517
1275,45.23800000000483
1276,45.25200000000041
1277,45.29599999999482
1278,45.23200000000361
1279,45.266999999999825
1280,45.25699999999779
1281,45.257000000005064
1282,45.26199999999517
1283,45.262000000002445
1284,45.25200000000041
1285,45.29200000000128
1286,45.25200000000041
1287,45.26199999999517
1288,45.23200000000361
1289,45.25200000000041
1290,23.67899999999645
1291,39.27399999999761
1292,6.239000000001397
1293,45.257000000005064
1294,45.203999999997905
1295,45.20799999999872
1296,45.22899999999936
1298,45.20799999999872
1299,45.25300000000425
1300,45.22799999999552
1302,45.2870000000039
1303,45.25699999999779
1304,45.24700000000303
1305,45.25699999999779
1306,45.25299999999697
1307,45.257000000005064
1308,45.23700000000099
1309,45.2129999999961
1310,45.24199999999837
1311,45.25200000000041
1312,45.262000000002445
1313,45.237999999997555
1314,45.242000000005646
1315,45.22299999999814
1316,45.22200000000157
1317,25.068999999995867
1319,45.262000000002445
1320,45.237999999997555
1321,45.25300000000425
1322,19.65899999999965
1323,45.24799999999959
1324,45.257999999994354
1325,45.25300000000425
1326,45.271999999997206
1327,45.24199999999837
1328,45.27200000000448
1329,45.2809999999954
1330,45.257000000005064
1331,45.271999999997206
1332,45.27200000000448
1333,45.266999999999825
1334,45.27599999999802
1335,45.271999999997206
1336,45.28600000000006
1337,45.24799999999959
1338,45.24700000000303
1339,45.23700000000099
1340,45.25699999999779
1341,45.228000000002794
1342,45.266999999999825
1343,42.33099999999831
1344,45.262000000002445
1345,45.25699999999779
1346,45.25200000000041
1347,45.20799999999872
1348,45.237999999997555
1349,45.17399999999907
1350,45.20900000000256
1351,45.18899999999849
1352,45.17399999999907
1353,45.17000000000553
1354,45.2129999999961
1355,45.233000000000175
1356,45.23200000000361
1357,45.22299999999814
1358,45.237999999997555
1359,45.20300000000134
1360,45.19800000000396
1361,45.221999999994296
1362,45.20799999999872
1363,45.21800000000076
1364,45.233000000000175
1365,45.22700000000623
1366,45.22799999999552
1367,45.23200000000361
1368,45.2129999999961
1369,45.213000000003376
1370,45.23199999999633
1371,31.931000000004133
1372,45.216999999996915
1373,45.233000000000175
1374,45.20799999999872
1375,45.24700000000303
1376,45.22299999999814
1377,45.23200000000361
1378,45.203999999997905
1379,45.25800000000163
1380,45.233000000000175
1381,45.22799999999552
1382,45.24300000000221
1383,45.21899999999732
1384,45.21800000000076
1385,45.23200000000361
1386,45.233000000000175
1387,45.24699999999575
1388,45.24700000000303
1389,45.27700000000186
1391,22.80500000000029
1392,45.237999999997555
1393,45.23700000000099
1394,45.25200000000041
1395,45.233000000000175
1396,45.23199999999633
1397,45.24700000000303
1398,45.242999999994936
1399,45.22700000000623
1400,45.199000000000524
1401,45.20799999999872
1402,45.21899999999732
1403,45.213000000003376
1404,45.17399999999907
1405,45.23399999999674
1406,45.184000000001106
1407,45.22299999999814
1408,45.20799999999872
1409,45.213000000003376
1410,45.213000000003376
1411,45.211999999999534
1412,45.2129999999961
1413,45.21800000000076
1414,45.20300000000134
1415,45.233000000000175
1416,45.211999999999534
1417,45.20799999999872
1418,45.18899999999849
1419,45.20799999999872
1420,45.20300000000134
1421,45.211999999999534
1423,45.21800000000076
1424,45.19800000000396
1425,45.242999999994936
1426,42.213000000003376
1427,41.58599999999569
1428,45.208000000005995
1429,45.23199999999633
1430,45.233000000000175
1431,45.213000000003376
1432,45.21899999999732
1433,45.22299999999814
1434,45.21800000000076
1435,45.2190000000046
1436,45.22299999999814
1437,45.21899999999732
1438,45.23200000000361
1439,45.20799999999872
1440,45.20799999999872
1441,45.15400000000227
1442,45.129000000000815
1443,45.2129999999961
1444,45.21800000000076
1445,45.23700000000099
1447,45.21800000000076
1448,45.237999999997555
1449,45.22699999999895
1450,45.228000000002794
1451,45.2129999999961
1452,45.21700000000419
1453,45.233000000000175
1454,45.21899999999732
1455,45.179000000003725
1456,44.044999999998254
1457,45.26299999999901
1458,45.27700000000186
1459,40.87399999999616
1460,45.29700000000594
1461,45.291999999994005
1462,45.257000000005064
1463,45.265999999995984
1464,45.24300000000221
1465,45.20300000000134
1466,45.2129999999961
1467,45.23200000000361
1468,38.572000000000116
1469,45.2129999999961
1470,45.22699999999895
1471,45.233000000000175
1472,45.23200000000361
1473,45.228000000002794
1474,45.20799999999872
1475,45.20799999999872
1476,45.216999999996915
1477,45.27700000000186
1478,45.28199999999924
1479,45.28100000000268
1480,45.29099999999744
1482,45.29699999999866
1483,45.291000000004715
1484,45.291999999994005
1485,45.30200000000332
1486,45.28199999999924
1487,45.283000000003085
1488,45.271999999997206
1489,45.2870000000039
1490,45.233000000000175
1491,45.29699999999866
1492,45.28600000000006
1493,45.286999999996624
1495,45.300999999999476
1496,45.28199999999924
1497,45.27100000000064
1498,45.28199999999924
1499,45.296000000002095
1500,45.27700000000186
1501,45.28600000000006
1502,45.28199999999924
1503,45.28100000000268
1504,45.27699999999459
1505,45.27700000000186
1506,45.27599999999802
1507,45.27700000000186
1508,45.262000000002445
1509,45.271999999997206
1510,45.28600000000006
1511,45.31100000000151
1512,45.27700000000186
1513,45.271999999997206
1514,45.27700000000186
1515,45.286999999996624
1516,45.2870000000039
1517,45.021999999997206
1518,45.292999999997846
1519,45.2870000000039
1520,45.286999999996624
1521,45.30600000000413
1525,45.31100000000151
1526,45.236999999993714
1528,45.2870000000039
1530,45.271999999997206
1531,41.55600000000413
1533,42.27699999999459
1534,36.38300000000163
1535,42.29200000000128
1536,42.29699999999866
1537,42.3070000000007
1538,42.25800000000163
1539,42.29699999999866
1540,32.27399999999761
1542,42.29200000000128
1543,45.315999999998894
1544,45.278000000005704
1545,45.291999999994005
1546,45.28200000000652
1547,45.286999999996624
1549,45.271999999997206
1550,35.25900000000547
1551,45.28199999999924
1552,45.31199999999808
1553,45.28499999999622
1554,45.29200000000128
1555,45.30200000000332
1556,45.23199999999633
1557,45.266999999999825
1558,45.291000000004715
1559,45.30599999999686
1560,45.27700000000186
1561,45.28199999999924
1562,26.010000000002037
1563,45.286999999996624
1564,45.300999999999476
1565,45.296000000002095
1566,45.28100000000268
1567,45.3070000000007
1568,45.30599999999686
1569,45.300999999999476
1570,45.266999999999825
1571,45.28199999999924
1572,45.23200000000361
1573,45.271999999997206
1574,45.271999999997206
1575,45.27700000000186
1576,45.27300000000105
1577,45.27700000000186
1578,45.30199999999604
1580,9.906000000002678
1581,45.320999999996275
1582,44.83100000000559
1583,45.286999999996624
1585,45.291000000004715
1586,45.29599999999482
1587,45.27700000000186
1588,45.28600000000006
1589,45.237999999997555
1590,45.2760000000053
1591,45.29699999999866
1592,45.28600000000006
1593,45.28199999999924
1594,45.25200000000041
1595,45.29099999999744
1596,45.25200000000041
1597,45.29200000000128
1598,9.832000000002154
1599,45.320999999996275
1601,42.22899999999936
1602,42.2980000000025
1603,42.27300000000105
1605,42.26799999999639
1607,45.317000000002736
1608,13.67500000000291
1609,45.29200000000128
1610,45.3119999999908
1611,45.286000000007334
1612,45.286999999996624
1613,45.2670000000071
1614,45.197999999989406
1615,45.271999999997206
1616,45.27600000001257
1617,45.25699999999779
1618,45.27700000000186
1620,45.26699999999255
1621,45.28100000000268
1622,45.286999999996624
1623,45.286000000007334
1624,45.271999999997206
1626,45.27700000000186
1627,45.29099999999744
1628,45.06599999999162
1629,45.2670000000071
1630,45.221999999994296
1631,45.287000000011176
1632,45.27599999999802
1633,45.28199999999197
1634,45.30100000000675
1635,45.288000000000466
1636,36.40699999999197
1637,38.06700000001001
1638,45.271999999997206
1639,45.24799999999232
1640,41.00200000000768
1641,4.982000000003609
1642,45.271999999997206
1643,45.25299999999697
1644,45.270999999993364
1645,45.27700000000186
1646,45.262000000002445
1647,45.25200000000768
1648,45.28199999999197
1649,45.286000000007334
1650,45.31100000000151
1651,45.25199999999313
1652,45.262000000002445
1653,8.698000000003958
1654,45.28199999999197
1655,45.25200000000768
1656,35.538000000000466
1657,45.26199999998789
1658,45.286000000007334
1659,45.26699999999255
1660,45.262000000002445
1661,45.25699999999779
1662,45.262000000002445
1663,36.270000000004075
1664,30.952999999994063
1665,45.2670000000071
1666,45.26699999999255
1667,45.263000000006286
1668,45.271999999997206
1669,45.27300000000105
1670,45.237999999997555
1671,45.2670000000071
1672,45.26799999999639
1673,45.0850000000064
1674,45.19399999998859
1675,45.262000000002445
1676,45.25699999999779
1677,45.26600000000326
1679,45.286999999996624
1680,45.177999999999884
1681,45.11500000000524
1682,45.13400000000547
1683,45.212999999988824
1684,45.203000000008615
1685,45.20799999999872
1686,45.271999999997206
1687,45.24199999999837
1688,45.19800000000396
1689,45.21899999999732
1690,45.22299999999814
1691,45.263000000006286
1692,45.16400000000431
1693,45.22799999998824
1694,45.21899999999732
1695,45.213000000003376
1696,45.49800000000687
1697,45.1929999999993
1698,45.19400000000314
1699,45.2609999999986
1700,45.18899999999849
1701,45.187999999994645
1702,43.3179999999993
1704,2.504000000000815
1705,45.211999999999534
1706,45.18400000000838
1707,45.1929999999993
1708,45.163999999989755
1709,45.203000000008615
1710,45.22699999999895
1711,45.2329999999929
1712,17.95100000000093
1713,45.237000000008265
1714,45.153999999994994
1715,40.67699999999604
1716,45.18899999999849
1717,45.211999999999534
1718,45.253000000011525
1719,45.23199999998906
1720,45.25200000000768
1721,45.228000000002794
1722,45.262999999991735
1723,45.263000000006286
1724,45.25699999999779
1725,45.23399999999674
1726,45.262000000002445
1727,45.23300000000745
1728,45.296999999991385
1729,45.262000000002445
1731,45.262000000002445
1732,45.2609999999986
1733,43.81399999999849
1734,45.29200000000128
1735,45.28100000000268
1736,45.25199999999313
1737,45.2670000000071
1738,45.24799999999232
1739,45.25699999999779
1740,45.23200000000361
1741,45.262000000002445
1742,45.24700000000303
1743,45.25699999999779
1744,45.27300000000105
1745,45.31599999999162
1746,45.29700000000594
1747,45.26799999999639
1748,45.27700000000186
1749,45.25299999999697
1750,45.3070000000007
1751,45.2670000000071
1752,45.26699999999255
1753,45.24199999999837
1754,45.27200000001176
1755,45.211999999999534
1756,45.20799999999872
1757,45.2329999999929
1758,45.21800000000803
1759,45.21699999998964
1760,45.213000000003376
1761,45.213000000003376
1762,45.20799999999872
1763,45.21799999999348
1764,45.227000000013504
1765,45.24799999999232
1766,45.23200000000361
1767,45.25199999999313
1768,45.21800000000803
1769,45.20299999999406
1770,45.021000000007916
1771,38.45899999998801
1772,45.203000000008615
1773,45.203999999997905
1774,45.24300000000221
1775,45.22299999999814
1776,45.22400000000198
1777,45.22299999999814
1778,45.21799999999348
1779,45.1990000000078
1780,45.213000000003376
1781,45.212999999988824
1782,45.203000000008615
1783,45.213000000003376
1784,45.20299999999406
1785,45.24199999999837
1786,32.36699999999837
1787,45.23300000000745
1788,45.22699999999895
1789,45.22299999999814
1790,45.25199999999313
1791,45.24700000000303
1792,45.23300000000745
1793,45.12399999999616
1794,45.20299999999406
1795,45.18899999999849
1796,43.16600000001199
1797,45.15799999999581
1798,45.145000000004075
1799,45.16799999999057
1800,45.169000000008964
1801,45.16899999999441
1802,45.153999999994994
1803,45.13500000000931
1804,45.14999999999418
1805,45.169000000008964
1806,45.163999999989755
1807,45.169999999998254
1808,45.13000000000466
1809,45.153999999994994
1810,45.15899999999965
1811,45.15899999999965
1812,45.13900000001013
1813,45.14899999999034
1814,38.753000000011525
1815,6.5679999999993015
1816,45.153999999994994
1817,45.138999999995576
1818,45.15899999999965
1819,45.129000000000815
1820,45.15899999999965
1821,45.14900000000489
1822,45.14900000000489
1823,45.153999999994994
1824,45.14900000000489
1825,45.154999999998836
1826,45.154999999998836
1827,45.153999999994994
1828,45.154999999998836
1829,21.16599999999744
1830,45.145000000004075
1831,43.83900000000722
1832,45.212999999988824
1833,21.54899999999907
1834,45.13900000001013
1835,45.125
1836,45.17299999999523
1837,45.14900000000489
1839,45.16899999999441
1840,45.15899999999965
1841,38.39900000000489
1842,45.17399999999907
1843,26.270999999993364
1844,45.1929999999993
1845,45.228000000002794
1846,45.18300000000454
1847,45.177999999999884
1848,45.19400000000314
1849,45.187999999994645
1850,45.20799999999872
1851,45.203000000008615
1852,45.187999999994645
1854,45.1929999999993
1855,45.19400000000314
1856,22.495999999999185
1857,45.17299999999523
1859,44.94400000000314
1860,44.97699999999895
1861,45.18499999999767
1862,45.21800000000803
1863,45.18399999999383
1864,31.83299999999872
1865,45.16400000000431
1866,31.97499999999127
1867,45.22300000001269
1868,45.20299999999406
1869,45.22699999999895
1870,35.513999999995576
1871,45.203000000008615
1874,45.20299999999406
1875,42.802999999999884
1876,45.187999999994645
1877,45.177999999999884
1878,45.18400000000838
1882,45.1929999999993
1883,45.16899999999441
1884,45.1929999999993
1885,45.169000000008964
1886,6.915999999997439
1887,45.177999999999884
1888,45.16000000000349
1889,29.38300000000163
1890,45.16899999999441
1892,45.179999999993015
1894,45.179000000003725
1895,45.15899999999965
1896,35.828999999997905
1897,28.455000000001746
1898,35.453999999997905
1899,45.15000000000873
1900,45.12399999999616
1901,45.16899999999441
1902,45.17300000000978
1903,45.17399999999907
1904,45.17299999999523
1905,45.179000000003725
1906,45.13400000000547
1907,45.16899999999441
1908,45.15899999999965
1909,45.138999999995576
1910,29.093000000008033
1911,45.163999999989755
1912,45.15000000000873
1913,45.19199999999546
1914,45.14900000000489
1915,45.153999999994994
1916,45.153999999994994
1917,45.129000000000815
1918,45.17399999999907
1919,45.203000000008615
1920,45.18899999999849
1921,45.18899999999849
1922,45.1990000000078
1923,45.18899999999849
1924,45.18399999999383
1926,37.60000000000582
1927,45.17899999998917
1928,45.18900000001304
1929,45.18299999998999
1930,45.179000000003725
1931,45.177999999999884
1932,29.00999999999476
1933,45.19800000000396
1934,28.14100000000326
1935,45.16899999999441
1936,45.1880000000092
1937,45.177999999999884
1938,45.19399999998859
1939,45.20700000000943
1940,45.18899999999849
1941,45.20799999999872
1942,45.187999999994645
1943,45.23300000000745
1944,45.19800000000396
1945,45.18399999999383
1946,45.145000000004075
1947,45.19899999999325
1948,45.203999999997905
1949,45.1990000000078
1950,38.40999999998894
1951,45.169000000008964
1952,35.43499999999767
1953,45.18300000000454
1954,45.163999999989755
1955,45.10500000001048
1956,45.138999999995576
1957,45.153999999994994
1958,45.177999999999884
1959,45.154000000009546
1960,45.14899999999034
1961,45.13500000000931
1962,45.15299999999115
1963,45.17399999999907
1964,45.1880000000092
1965,45.21799999999348
1966,45.14400000000023
1967,44.92399999999907
1971,25.388000000006286
1973,6.638999999995576
1974,40.036999999996624
1976,36.55900000000838
1977,39.77700000000186
1979,5.25800000000163
1980,5.120999999999185
1982,5.083999999988009
1983,1.4580000000132713
1985,6.872999999992317
1989,2.779999999998836
1991,0.8080000000045402
1993,0.9459999999962747
1996,26.24899999999616
2000,2.677000000010594
2001,1.9519999999902211
2005,2.7370000000082655
2007,6.13399999999092
2009,0.9560000000055879
2012,1.1720000000059372
2016,2.6559999999881256
2018,6.745999999999185
2019,1.4070000000065193
2021,5.2039999999979045
2022,5.069000000003143
2024,5.195999999996275
2025,39.92699999999604
2026,35.39100000000326
2027,40.330000000001746
2029,6.6450000000040745
2030,29.4829999999929
2031,45.1929999999993
2033,45.1990000000078
2034,45.169999999998254
2035,45.187999999994645
2036,45.13500000000931
2037,45.13399999999092
2038,45.17399999999907
2039,45.15899999999965
2040,45.163000000000466
2041,45.179000000003725
2042,45.20799999999872
2043,45.20799999999872
2044,45.177999999999884
2045,45.1929999999993
2046,45.203000000008615
2047,45.16899999999441
2048,45.187999999994645
2049,45.19400000000314
2050,45.20799999999872
2051,45.20700000000943
2052,14.161999999996624
2053,45.25699999999779
2054,27.047999999995227
2056,8.426000000006752
2057,1.756999999997788
2061,8.625
2065,2.702000000004773
2069,8.645999999993364
2070,1.756999999997788
2072,8.595000000001164
2073,16.002000000007683
2074,45.16899999999441
2075,45.15899999999965
2076,45.17399999999907
2077,45.16400000000431
2078,45.18399999999383
2080,45.154999999998836
2081,45.145000000004075
2083,45.15899999999965
2085,45.16000000000349
2087,7.980999999999767
2088,45.29700000000594
2089,45.187999999994645
2090,45.28199999999197
2091,45.262000000002445
2092,45.22200000000885
2093,45.20299999999406
2094,45.18400000000838
2095,18.23499999998603
2097,45.17400000001362
2098,45.18299999998999
2099,26.12400000001071
2100,1.977999999988242
2102,0.9450000000069849
2103,2.019000000000233
2104,14.039000000004307
2105,18.78499999998894
2106,45.17399999999907
2107,45.20799999999872
2108,45.20800000001327
2109,45.16799999999057
2110,45.22299999999814
2112,39.31399999999849
2113,3.7839999999996508
2114,27.54800000000978
2115,45.17399999999907
2116,45.15899999999965
2117,45.16000000000349
2118,25.97599999999511
2119,45.120999999999185
2120,45.19800000000396
2121,45.18399999999383
2122,45.177999999999884
2123,45.15899999999965
2124,45.154000000009546
2125,45.16799999999057
2126,34.46400000000722
2127,45.20299999999406
2128,45.16800000000512
2129,45.17899999998917
2130,45.16800000000512
2131,45.169000000008964
2132,45.16899999999441
2133,26.21600000000035
2134,45.13000000000466
2135,45.18299999998999
2136,45.095000000001164
2137,6.33200000000943
2138,45.15899999999965
2139,24.04199999998673
2140,45.18900000001304
2141,7.524999999994179
2142,45.15799999999581
2143,45.154000000009546
2144,45.17899999998917
2145,45.18899999999849
2147,45.40500000001339
2148,45.163999999989755
2149,45.179000000003725
2150,45.169999999998254
2151,45.18399999999383
2152,4.094000000011874
2153,45.17899999998917
2154,45.18300000000454
2155,45.179000000003725
2156,45.18300000000454
2157,45.187999999994645
2158,45.16899999999441
2159,45.17399999999907
2160,45.18300000000454
2161,45.179000000003725
2162,45.177999999999884
2163,45.17399999999907
2164,45.163000000000466
2165,45.153999999994994
2166,45.17399999999907
2167,45.046000000002095
2168,45.11500000000524
2169,41.90999999998894
2170,45.169000000008964
2171,45.18399999999383
2172,45.169999999998254
2173,45.14400000000023
2174,45.111000000004424
2175,45.187000000005355
2177,45.12599999998929
2178,45.16400000000431
2179,45.104999999995925
2180,45.16400000000431
2181,45.138999999995576
2182,45.13400000000547
2183,45.14400000000023
2184,45.15899999999965
2185,37.95799999999872
2186,45.120000000009895
2187,45.03599999999278
2188,45.14400000000023
2189,45.11500000000524
2190,45.08499999999185
2191,22.529999999998836
2192,45.16400000000431
2193,45.10000000000582
2194,45.11499999999069
2195,45.095000000001164
2196,45.1140000000014
2197,45.20799999999872
2198,45.153999999994994
2199,45.16000000000349
2200,32.76499999999942
2201,45.11000000000058
2202,45.15000000000873
2203,45.13999999999942
2204,45.17399999999907
2205,45.228000000002794
2206,42.871999999988475
2207,45.154000000009546
2208,45.163999999989755
2209,22.226000000009662
2211,9.085999999995693
2212,45.036000000007334
2213,45.08499999999185
2214,45.13499999999476
2215,45.13400000000547
2216,45.16899999999441
2218,45.119000000006054
2219,45.153999999994994
2220,35.2390000000014
2222,9.536999999996624
2225,9.218000000008033
2228,10.980999999999767
2230,45.14900000000489
2231,45.15899999999965
2232,45.12399999999616
2233,45.14900000000489
2234,45.15899999999965
2235,45.129999999990105
2236,45.1880000000092
2238,8.015999999988708
2241,19.796000000002095
2242,17.46500000001106
2243,27.305999999996857
2244,45.14400000000023
2245,45.163999999989755
2246,45.09100000000035
2247,45.0850000000064
2248,45.145000000004075
2249,45.11099999998987
2250,45.154000000009546
2251,45.14999999999418
2252,45.10599999999977
2253,45.104999999995925
2254,45.13400000000547
2255,45.070999999996275
2256,45.119000000006054
2260,45.046000000002095
2261,45.046000000002095
2262,45.09999999999127
2263,45.13400000000547
2264,45.070999999996275
2265,45.05999999999767
2266,36.84399999999732
2267,45.06600000000617
2268,33.0
2269,45.012000000002445
2270,45.08499999999185
2271,45.13999999999942
2272,28.455000000001746
2273,45.15899999999965
2274,45.1310000000085
2275,45.129999999990105
2276,45.06100000000151
2277,45.07600000000093
2278,45.137000000002445
2279,45.088000000003376
2280,45.138999999995576
2281,45.11000000000058
2282,45.11999999999534
2283,45.10500000001048
2284,45.08999999999651
2285,25.922000000005937
2286,45.12399999999616
2287,45.04200000000128
2290,45.095000000001164
2291,45.09999999999127
2292,45.0060000000085
2293,45.125
2294,29.396999999997206
2295,44.06399999999849
2296,45.095000000001164
2297,45.021999999997206
2298,40.028999999994994
2299,45.036000000007334
2300,45.07600000000093
2301,45.03599999999278
2302,45.00699999999779
2303,45.036000000007334
2304,37.953999999997905
2305,45.07600000000093
2306,45.125
2307,45.08599999999569
2308,45.06100000000151
2309,44.98300000000745
2310,45.00199999999313
2311,45.154000000009546
2312,45.104999999995925
2313,40.471000000005006
2314,45.0909999999858
2315,45.10000000000582
2316,45.129000000000815
2317,45.104999999995925
2318,45.080000000001746
2321,45.021999999997206
2323,45.04100000001199
2324,45.04999999998836
2325,32.78500000000349
2326,42.93000000000757
2327,45.00699999999779
2328,45.02599999999802
2329,45.00699999999779
2330,45.013000000006286
2331,45.01699999999255
2332,44.99199999999837
2333,45.00800000000163
2335,44.99700000000303
2337,45.036999999996624
2338,45.02700000000186
2339,44.937999999994645
2340,44.98200000000361
2341,43.911999999996624
2342,45.0170000000071
2343,45.03100000000268
2344,45.05999999999767
2345,45.05599999999686
2346,43.028999999994994
2347,45.0060000000085
2348,45.012000000002445
2349,45.0509999999922
2350,44.97200000000885
2351,45.04099999999744
2352,44.99700000000303
2354,45.08499999999185
2355,43.67699999999604
2356,45.07500000001164
2357,45.02699999998731
2358,45.06500000000233
2359,45.036000000007334
2360,44.929000000003725
2361,45.045999999987544
2362,45.02700000000186
2363,45.00699999999779
2364,44.99300000000221
2365,45.02700000000186
2366,45.06100000000151
2367,45.125
2368,45.036999999996624
2369,45.012000000002445
2370,45.10000000000582
2371,45.020999999993364
2372,44.98200000000361
2373,45.00699999999779
2374,44.98200000000361
2375,45.021999999997206
2376,45.1140000000014
2378,45.07499999999709
2379,45.05599999999686
2380,40.01499999999942
2381,45.10000000000582
2382,25.896999999997206
2383,45.104999999995925
2384,45.036000000007334
2386,45.036999999996624
2387,44.995999999999185
2388,45.10000000000582
2389,45.07600000000093
2390,45.13399999999092
2391,41.7670000000071
2392,45.07600000000093
2393,45.125
2394,45.021999999997206
2396,45.036999999996624
2397,45.13900000001013
2398,45.1649999999936
2399,45.13999999999942
2400,45.125
2401,35.22400000000198
2402,38.3070000000007
2403,45.1140000000014
2404,45.06599999999162
2405,45.080000000001746
2406,4.236000000004424
2407,45.13000000000466
2408,45.12399999999616
2409,45.14400000000023
2410,45.125
2411,45.06500000000233
2412,45.09999999999127
2413,45.120000000009895
2414,45.138999999995576
2415,45.11000000000058
2416,45.11000000000058
2417,45.04099999999744
2418,44.99300000000221
2419,45.06599999999162
2421,45.037000000011176
2422,45.02700000000186
2423,27.335999999995693
2424,45.080999999991036
2425,45.06600000000617
2426,45.08100000000559
2427,45.02599999999802
2428,45.095000000001164
2429,45.03599999999278
2430,27.74800000000687
2431,45.036999999996624
2432,45.06500000000233
2433,45.07600000000093
2434,45.054999999993015
2435,45.120000000009895
2436,45.06599999999162
2437,45.044999999998254
2438,45.05599999999686
2439,45.11500000000524
2440,45.153999999994994
2441,45.05600000001141
2442,45.1189999999915
2443,45.13000000000466
2444,45.05999999999767
2445,45.10000000000582
2446,45.06599999999162
2447,45.06500000000233
2448,45.16500000000815
2449,45.08599999999569
2450,45.14400000000023
2451,45.130999999993946
2452,45.095000000001164
2453,45.0570000000007
2454,45.145000000004075
2455,45.09999999999127
2456,45.05100000000675
2457,3.0969999999942956
2458,45.07500000001164
2459,45.10999999998603
2460,45.120000000009895
2461,45.15899999999965
2462,33.59399999999732
2463,45.119000000006054
2464,45.18899999999849
2465,45.15899999999965
2466,45.163000000000466
2467,45.11999999999534
2468,45.020999999993364
2469,45.120000000009895
2470,45.13399999999092
2471,45.125
2472,45.125
2473,45.07700000000477
2474,45.06100000000151
2475,45.10099999999511
2476,45.09000000001106
2477,45.03199999999197
2478,45.11500000000524
2479,45.08499999999185
2480,45.021999999997206
2481,45.021000000007916
2482,45.03200000000652
2483,42.18399999999383
2484,2.963000000003376
2486,0.93399999999383
2487,2.9900000000052387
2488,44.92299999999523
2489,45.05999999999767
2490,45.046000000002095
2491,45.05100000000675
2492,45.08599999999569
2493,45.09900000000198
2494,45.02700000000186
2495,44.947999999989406
2496,45.01600000000326
2497,45.036000000007334
2498,45.08999999999651
2499,45.13000000000466
2500,45.07499999999709
2501,29.85899999999674
2502,45.00199999999313
2503,13.111000000004424
2504,2.9830000000074506
2506,0.9479999999894062
2507,2.9800000000104774
2508,31.97400000000198
2509,45.15999999998894
2510,45.07100000001083
2511,45.104999999995925
2512,45.01699999999255
2513,45.096000000005006
2514,45.04700000000594
2515,45.07600000000093
2516,45.080999999991036
2517,45.07499999999709
2518,45.120000000009895
2519,45.080000000001746
2520,25.8579999999929
2521,45.00699999999779
2522,23.296000000002095
2523,45.00699999999779
2524,45.01600000000326
2526,45.02700000000186
2527,44.97699999999895
2528,44.98200000000361
2529,44.99199999999837
2530,44.96699999998964
2531,44.978000000002794
2532,23.777000000001863
2533,44.95700000000943
2534,44.996999999988475
2535,44.98200000000361
2537,44.987000000008265
2538,45.036999999996624
2539,45.06500000000233
2540,45.021999999997206
2541,24.39999999999418
2542,45.00699999999779
2543,45.037000000011176
2544,45.00699999999779
2545,22.58499999999185
2546,44.99800000000687
2547,29.038999999989755
2548,45.04700000000594
2549,4.820000000006985
2551,1.9919999999983702
2553,0.9360000000015134
2554,1.9660000000003492
2555,28.75
2556,45.01699999999255
2557,44.98200000000361
2558,44.99199999999837
2559,10.032999999995809
2560,44.987000000008265
2561,44.97699999999895
2562,35.096999999994296
2563,45.021000000007916
2564,45.00699999999779
2565,41.49700000000303
2566,44.92299999999523
2567,45.020999999993364
2568,45.0170000000071
2569,45.046000000002095
2570,45.080000000001746
2571,44.996999999988475
2572,44.96800000000803
2573,38.453999999997905
2574,44.99300000000221
2575,24.70999999999185
2576,45.04200000000128
2577,44.963000000003376
2578,44.99300000000221
2579,45.00199999999313
2580,44.963000000003376
2581,40.70600000000559
2582,45.04200000000128
2583,45.04999999998836
2584,45.02200000001176
2585,44.96699999998964
2586,44.97300000001269
2587,45.005999999993946
2588,44.986999999993714
2589,45.02700000000186
2590,44.96700000000419
2591,44.971999999994296
2592,45.00200000000768
2593,45.021999999997206
2595,38.09299999999348
2596,45.01400000001013
2597,45.005999999993946
2598,44.99199999999837
2599,44.963000000003376
2600,45.005999999993946
2601,44.95800000001327
2602,44.96699999998964
2603,45.0170000000071
2604,44.138999999995576
2605,45.00200000000768
2606,45.036999999996624
2607,45.00299999999697
2608,44.9829999999929
2609,44.97300000001269
2610,45.03599999999278
2611,45.00200000000768
2612,44.961999999999534
2613,44.9829999999929
2614,45.05000000000291
2615,5.418999999994412
2616,45.04200000000128
2617,45.044999999998254
2618,45.05100000000675
2619,45.03199999999197
2620,45.0060000000085
2621,44.99700000000303
2622,44.98199999998906
2623,44.98200000000361
2624,45.00699999999779
2625,45.00699999999779
2626,45.037000000011176
2627,45.030999999988126
2628,45.02300000000105
2629,44.98200000000361
2630,45.00299999999697
2631,44.99199999999837
2632,44.99800000000687
2634,45.00699999999779
2635,44.99700000000303
2636,44.97699999999895
2637,44.986999999993714
2638,44.987000000008265
2639,45.03599999999278
2640,44.99700000000303
2641,44.963000000003376
2642,44.98200000000361
2643,45.02599999999802
2644,45.02599999999802
2645,45.012000000002445
2647,45.012000000002445
2648,45.00099999998929
2649,45.05800000000454
2650,44.93099999999686
2651,44.99700000000303
2652,44.986999999993714
2654,43.10700000000361
2655,44.99199999999837
2656,44.99199999999837
2657,44.98200000000361
2658,45.021999999997206
2659,44.99300000000221
2660,45.00699999999779
2661,44.98800000001211
2662,45.036999999996624
2663,45.04099999999744
2664,45.03200000000652
2665,45.01699999999255
2666,45.012000000002445
2667,31.168999999994412
2668,44.987000000008265
2669,45.046000000002095
2671,45.045999999987544
2674,45.012000000002445
2675,45.01600000000326
2676,45.09100000000035
2677,45.054999999993015
2678,44.99200000001292
2679,45.02699999998731
2680,45.02600000001257
2683,45.0509999999922
2684,45.04099999999744
2685,45.06100000000151
2686,44.02599999999802
2687,45.095000000001164
2688,45.0570000000007
2689,45.00200000000768
2690,39.754999999990105
2695,8.896000000007916
2697,0.9759999999951106
2698,3.06699999999546
2701,2.8920000000071013
2702,45.012000000002445
2703,45.012000000002445
2704,45.0509999999922
2706,44.99199999999837
2707,45.01600000000326
2708,44.986999999993714
2709,45.10000000000582
2710,45.11500000000524
2711,45.02599999999802
2714,33.33400000000256
2716,45.00199999999313
2720,44.99199999999837
2721,21.696000000010827
2722,44.97699999999895
2724,27.773000000001048
2725,44.87399999999616
2726,45.08999999999651
2727,45.021999999997206
2728,35.30199999999604
2729,45.021000000007916
2730,44.978000000002794
2731,44.927999999999884
2732,45.04099999999744
2733,45.01600000000326
2735,44.99700000000303
2736,44.96899999999732
2737,2.055999999996857
2738,44.99300000000221
2739,44.9829999999929
2740,44.99700000000303
2742,44.978000000002794
2745,45.07600000000093
2746,45.04899999999907
2748,45.0
2749,44.98200000000361
2750,44.996999999988475
2751,45.046000000002095
2752,45.095000000001164
2753,45.080000000001746
2754,24.960000000006403
2755,45.070999999996275
2756,45.10899999999674
2757,45.104999999995925
2758,45.11500000000524
2759,45.095000000001164
2760,7.597999999998137
2761,45.11000000000058
2762,45.104999999995925
2763,45.05100000000675
2764,34.63999999999942
2765,28.73399999999674
2766,45.10000000000582
2767,45.080999999991036
2768,45.1140000000014
2769,45.13000000000466
2770,31.5570000000007
2771,45.1359999999986
2772,45.054999999993015
2773,45.07600000000093
2774,45.11000000000058
2775,45.120999999999185
2776,44.987000000008265
2777,27.046999999991385
2778,45.10100000000966
2779,45.11999999999534
2780,45.070000000006985
2781,45.00199999999313
2782,45.06100000000151
2783,45.08999999999651
2784,45.10000000000582
2785,45.08999999999651
2787,5.311000000001513
2788,39.38199999999779
2789,45.0109999999986
2790,45.05100000000675
2791,45.046000000002095
2792,45.0109999999986
2793,45.095000000001164
2794,45.01699999999255
2795,45.036000000007334
2796,45.09999999999127
2797,34.46899999999732
2798,45.00200000000768
2799,45.04200000000128
2800,45.11999999999534
2801,44.99800000000687
2802,45.11000000000058
2803,45.036999999996624
2804,44.99199999999837
2805,45.01699999999255
2806,45.129000000000815
2807,45.0850000000064
2808,45.11999999999534
2809,44.99700000000303
2810,44.971999999994296
2811,45.046000000002095
2812,45.00200000000768
2813,44.986999999993714
2815,45.03100000000268
2816,45.00699999999779
2817,44.879000000000815
2818,44.830000000001746
2819,3.8729999999923166
2820,43.32300000000396
2821,27.506999999997788
2822,45.05100000000675
2823,45.021999999997206
2824,44.99199999999837
2825,28.047000000005937
2826,44.97699999999895
2827,44.99700000000303
2828,44.99300000000221
2829,26.765999999988708
2830,44.95900000000256
2831,44.98300000000745
2832,23.413999999989755
2833,44.99199999999837
2834,45.00800000000163
2835,45.02700000000186
2836,45.04099999999744
2838,44.99199999999837
2839,44.91400000000431
2840,45.00100000000384
2841,44.963000000003376
2842,44.97699999999895
2843,44.96799999999348
2844,42.57600000000093
2845,45.00699999999779
2846,44.987000000008265
2847,44.97299999999814
2848,44.95699999999488
2849,44.963000000003376
2850,44.927999999999884
2851,44.95299999999406
2852,44.9380000000092
2853,44.95299999999406
2854,44.98300000000745
2855,44.9829999999929
2856,44.94800000000396
2857,44.86999999999534
2858,44.919000000008964
2859,44.962999999988824
2860,44.95799999999872
2861,44.961999999999534
2862,44.94300000001385
2863,44.95799999999872
2864,44.937999999994645
2865,44.82499999999709
2866,44.961999999999534
2867,44.95799999999872
2868,44.913000000000466
2869,44.93300000000454
2870,44.95299999999406
2871,44.987000000008265
2872,44.95799999999872
2873,44.95299999999406
2874,44.97200000000885
2875,44.937999999994645
2876,44.9429999999993
2877,44.937999999994645
2878,44.95200000000477
2879,44.919000000008964
2880,44.888999999995576
2881,44.94800000000396
2882,44.95799999999872
2883,45.14999999999418
2884,26.06500000000233
2885,45.070999999996275
2886,45.11500000000524
2887,28.985999999989872
2888,45.0170000000071
2889,42.130999999993946
2890,45.095000000001164
2891,19.20700000000943
2892,44.99199999999837
2893,44.99700000000303
2894,45.02599999999802
2895,44.92299999999523
2896,25.24000000000524
2897,44.99199999999837
2898,45.04099999999744
2899,45.06100000000151
2900,45.104999999995925
2901,44.98200000000361
2902,45.05999999999767
2903,45.07600000000093
2904,45.12399999999616
2905,31.139999999999418
2906,35.06700000001001
2907,35.322000000000116
2908,37.54099999999744
2909,45.03599999999278
2910,45.07600000000093
2911,45.0060000000085
2912,42.11599999999453
2913,42.14999999999418
2914,19.237000000008265
2915,45.01699999999255
2916,41.63000000000466
2917,44.99300000000221
2918,35.288000000000466
2919,45.04200000000128
2920,45.08599999999569
2921,45.036000000007334
2922,44.996999999988475
2923,44.978000000002794
2924,45.046000000002095
2925,45.005999999993946
2926,34.537000000011176
2927,45.00199999999313
2928,45.00200000000768
2929,30.52599999999802
2930,45.03100000000268
2931,45.01199999998789
2932,45.080000000001746
2933,45.036000000007334
2934,45.01699999999255
2935,45.046000000002095
2936,45.07499999999709
2937,44.98300000000745
2938,44.9829999999929
2939,44.95799999999872
2940,44.978000000002794
2941,44.88999999999942
2942,44.98200000000361
2943,45.06500000000233
2944,45.004000000000815
2945,44.94199999999546
2946,2.8519999999989523
2947,42.419999999998254
2948,44.94800000000396
2949,44.986999999993714
2950,44.97200000000885
2951,44.92399999999907
2952,45.00100000000384
2954,44.996999999988475
2955,44.97300000001269
2956,44.986999999993714
2957,44.986999999993714
2958,44.97200000000885
2959,45.01600000000326
2960,44.987999999997555
2961,44.986999999993714
2962,44.95700000000943
2963,45.0509999999922
2964,45.00699999999779
2965,44.97699999999895
2966,44.98200000000361
2967,44.963000000003376
2968,44.99199999999837
2969,44.96799999999348
2970,44.98300000000745
2971,45.00800000000163
2972,44.978000000002794
2973,44.98199999998906
2974,45.00800000000163
2975,44.80999999999767
2976,44.91400000000431
2977,44.971999999994296
2978,44.9380000000092
2979,44.961999999999534
2980,45.00699999999779
2982,44.99199999999837
2983,44.98200000000361
2984,44.97299999999814
2985,44.95200000000477
2986,44.986999999993714
2987,44.987000000008265
2988,44.96799999999348
2989,44.986999999993714
2990,44.98200000000361
2991,44.987999999997555
2993,44.99199999999837
2995,25.422000000005937
2996,35.37699999999313
2997,45.00700000001234
2998,45.01799999999639
2999,45.00199999999313
3000,44.99700000000303
3001,44.98200000000361
3002,44.96799999999348
3003,44.89400000000023
3004,44.89300000001094
3005,39.528999999994994
3006,24.047000000005937
3007,44.97299999999814
3008,45.02599999999802
3009,38.36499999999069
3010,42.1310000000085
3011,42.213000000003376
3012,43.96099999999569
3013,44.978000000002794
3014,44.986999999993714
3015,45.03100000000268
3016,44.99199999999837
3017,44.98200000000361
3020,44.91799999999057
3021,44.9380000000092
3022,44.97299999999814
3023,45.02599999999802
3024,44.91800000000512
3025,44.987999999997555
3026,45.03199999999197
3027,45.03200000000652
3028,44.96799999999348
3029,44.94300000001385
3030,45.02699999998731
3031,45.06700000001001
3032,35.379000000000815
3033,45.130999999993946
3034,45.06600000000617
3035,45.0509999999922
3036,44.97699999999895
3037,45.05599999999686
3038,26.236000000004424
3039,45.06100000000151
3040,45.021000000007916
3041,44.996999999988475
3042,45.012000000002445
3043,44.97200000000885
3044,44.98199999998906
3045,41.080000000001746
3046,44.92299999999523
3047,44.987000000008265
3048,45.06100000000151
3049,45.012000000002445
3050,44.996999999988475
3051,41.54100000001199
3052,45.079999999987194
3053,45.02200000001176
3054,45.03599999999278
3055,44.99700000000303
3056,44.93899999999849
3057,44.97699999999895
3058,44.80199999999604
3059,44.92399999999907
3060,45.07100000001083
3061,45.021999999997206
3062,45.00699999999779
3063,45.00200000000768
3064,45.0109999999986
3065,45.0509999999922
3066,33.48200000000361
3067,45.020999999993364
3068,45.021000000007916
3069,45.06599999999162
3070,45.05100000000675
3071,45.095000000001164
3072,45.01600000000326
3073,5.542000000001281
3074,45.070999999996275
3075,45.05599999999686
3076,45.005999999993946
3077,44.94300000001385
3078,44.92899999998917
3079,44.98200000000361
3080,45.036999999996624
3081,45.13999999999942
3082,45.096000000005006
3083,45.22299999999814
3084,45.237999999997555
3085,45.22299999999814
3086,45.203000000008615
3088,45.228000000002794
3089,45.14899999999034
3090,45.228000000002794
3091,45.28100000000268
3092,10.588000000003376
3093,45.1929999999993
3094,45.18399999999383
3095,45.16800000000512
3096,35.16000000000349
3097,45.18899999999849
3098,45.20299999999406
3099,45.18300000000454
3101,45.212999999988824
3102,45.19300000001385
3103,45.197999999989406
3104,45.21800000000803
3105,45.25199999999313
3106,45.138999999995576
3107,45.16400000000431
3108,45.228000000002794
3109,36.62300000000687
3110,45.25199999999313
3111,45.25800000000163
3112,45.262000000002445
3113,45.125
3114,45.26799999999639
3115,43.56900000000314
3116,45.154999999998836
3117,45.09999999999127
3118,38.911000000007334
3120,27.688999999998487
3121,45.19800000000396
3122,45.21799999999348
3123,45.14900000000489
3124,45.187999999994645
3125,45.13400000000547
3126,45.228000000002794
3127,45.236999999993714
3128,29.309000000008382
3129,45.26699999999255
3130,45.28200000000652
3131,45.26699999999255
3132,41.187000000005355
3133,45.22299999999814
3134,45.179000000003725
3135,45.20899999998801
3136,4.192000000010012
3137,45.30599999999686
3138,45.237999999997555
3141,45.22400000000198
3142,45.15899999999965
3143,45.145000000004075
3144,45.09100000000035
3145,45.14400000000023
3146,45.187999999994645
3147,45.15899999999965
3148,45.17399999999907
3149,45.23200000000361
3150,45.16400000000431
3151,45.221999999994296
3152,6.783999999999651
3153,45.20299999999406
3154,25.446000000010827
3155,12.501999999993131
3156,42.203999999997905
3157,45.21800000000803
3158,8.982999999992899
3159,35.654999999998836
3160,14.898000000001048
3161,45.24700000000303
3162,19.345000000001164
3163,13.194000000003143
3164,45.25699999999779
3165,45.213000000003376
3166,45.20799999999872
3167,10.798999999999069
3168,45.25199999999313
3169,45.22299999999814
3170,10.586999999999534
3171,45.25200000000768
3172,44.177999999999884
3173,45.237999999997555
3174,10.263999999995576
3175,45.27700000000186
3176,45.26800000001094
3177,10.54299999999057
3178,45.24300000000221
3179,45.263000000006286
3180,45.24799999999232
3181,45.28200000000652
3182,45.280999999988126
3184,45.228000000002794
3185,45.23300000000745
3186,45.28599999999278
3187,45.1929999999993
3188,45.23300000000745
3189,45.27599999999802
3190,45.25699999999779
3191,45.25200000000768
3192,45.19399999998859
3193,45.15899999999965
3194,16.669000000008964
3195,45.262000000002445
3196,45.21799999999348
3197,45.28100000000268
3198,45.16400000000431
3199,45.17399999999907
3200,45.25199999999313
3201,45.19800000000396
3202,29.89299999999639
3203,45.11999999999534
3204,45.177999999999884
3205,35.69100000000617
3206,45.104999999995925
3207,45.09100000000035
3209,45.05599999999686
3210,44.98800000001211
3211,45.05199999999604
3212,45.05599999999686
3213,45.1359999999986
3214,24.66500000000815
3215,45.08999999999651
3216,36.81399999999849
3217,45.11999999999534
3218,45.129000000000815
3219,45.08999999999651
3220,44.927999999999884
3221,45.07100000001083
3222,44.986999999993714
3223,45.08999999999651
3224,45.012000000002445
3225,44.91800000000512
3226,43.66700000000128
3227,44.99700000000303
3228,44.91799999999057
3229,44.93300000000454
3230,44.97299999999814
3231,45.03200000000652
3232,45.00800000000163
3233,44.99199999999837
3234,38.78399999999965
3235,45.00199999999313
3236,45.11500000000524
3237,44.96799999999348
3238,45.08999999999651
3239,45.036000000007334
3241,45.005999999993946
3242,45.02200000001176
3243,45.177999999999884
3244,45.09999999999127
3245,45.036000000007334
3246,45.01699999999255
3247,45.080000000001746
3248,45.00200000000768
3249,45.079999999987194
3250,45.07600000000093
3251,45.11000000000058
3253,45.05999999999767
3254,45.095000000001164
3255,39.912000000011176
3256,44.986999999993714
3257,32.695999999996275
3258,45.05100000000675
3259,45.06100000000151
3260,45.02599999999802
3261,45.021999999997206
3262,45.012000000002445
3263,45.06699999999546
3264,44.987000000008265
3265,28.88300000000163
3266,45.09499999998661
3267,45.07700000000477
3268,45.080000000001746
3269,45.07600000000093
3270,45.03599999999278
3271,45.060000000012224
3272,44.99199999999837
3273,45.021999999997206
3274,45.06999999999243
3275,45.012000000002445
3276,5.188000000009197
3277,26.422999999995227
3278,45.125
3280,45.08999999999651
3281,45.070000000006985
3282,30.610000000000582
3283,44.98199999998906
3284,45.012000000002445
3285,45.10000000000582
3286,45.06100000000151
3287,45.01799999999639
3288,31.06600000000617
3289,45.0570000000007
3290,26.70799999999872
3291,45.036999999996624
3292,20.15899999999965
3293,45.080999999991036
3294,45.08100000000559
3295,42.16400000000431
3296,45.125
3297,44.96699999998964
3298,45.00200000000768
3300,45.16899999999441
3301,15.972000000008848
3302,45.046000000002095
3303,45.070999999996275
3305,45.080000000001746
3306,45.046000000002095
3307,45.00699999999779
3308,44.92299999999523
3309,45.00200000000768
3310,44.937999999994645
3311,44.99700000000303
3312,45.01599999998871
3313,44.98200000000361
3314,44.97699999999895
3315,45.04200000000128
3316,45.05500000000757
3317,44.996999999988475
3318,3.073000000003958
3319,35.36600000000908
3320,45.01199999998789
3321,45.03200000000652
3322,45.03200000000652
3324,45.036999999996624
3325,45.00699999999779
3326,45.012999999991735
3327,44.97300000001269
3328,45.104999999995925
3329,45.020999999993364
3330,44.98200000000361
3331,45.046000000002095
3332,45.02700000000186
3333,45.046000000002095
3334,45.08499999999185
3335,45.021000000007916
3336,45.012000000002445
3339,45.02599999999802
3340,34.163999999989755
3341,45.05100000000675
3342,45.05100000000675
3343,45.03599999999278
3344,45.02600000001257
3345,44.99699999997392
3346,45.00800000000163
3347,35.32200000001467
3348,45.03200000000652
3350,45.01299999997718
3352,28.558000000019092
3353,45.03699999998207
3354,44.993000000016764
3355,45.030999999988126
3356,45.00200000000768
3357,45.0109999999986
3358,44.96799999999348
3359,44.97200000000885
3361,43.54399999999441
3362,44.99700000000303
3363,45.08499999999185
3364,45.07500000001164
3365,45.006999999983236
3366,45.03100000001723
3367,44.986999999993714
3368,45.00200000000768
3369,45.021999999997206
3370,45.08499999999185
3371,45.02600000001257
3372,45.05100000000675
3373,45.015999999974156
3374,45.06600000002072
3375,45.02099999997881
3376,33.50600000002305
3377,45.01199999998789
3378,45.10099999999511
3379,45.08100000000559
3380,45.021999999997206
3381,45.00200000000768
3382,44.98300000000745
3384,43.16599999999744
3385,45.031999999977415
3386,45.03200000000652
3387,44.99700000000303
3388,44.99199999999837
3389,33.4660000000149
3390,45.021999999997206
3391,45.05100000000675
3392,45.005999999993946
3393,44.986999999993714
3394,44.99199999999837
3395,45.02700000000186
3396,45.10899999999674
3397,45.02700000000186
3398,45.119000000006054
3399,45.046000000002095
3400,45.13000000000466
3401,34.49699999997392
3402,45.06600000002072
3403,45.10000000000582
3404,30.31999999997788
3406,45.0800000000163
3407,25.465999999985797
3408,44.93300000001909
3409,44.971999999979744
3410,45.00200000000768
3411,45.00800000000163
3412,33.72200000000885
3413,44.98299999997835
3414,45.00200000000768
3415,44.993000000016764
3416,30.02599999998347
3417,45.021999999997206
3418,26.463000000017928
3419,45.03599999999278
3420,45.095000000001164
3421,45.01199999998789
3422,44.99199999999837
3423,31.18900000001304
3424,45.070000000006985
3425,44.971999999979744
3426,35.11600000000908
3427,45.046000000002095
3428,45.08100000000559
3429,42.41899999999441
3430,44.73199999998906
3431,42.90100000001257
3432,39.220000000001164
3433,22.687000000005355
3435,21.853000000002794
3436,44.96799999999348
3437,44.99799999999232
3438,45.070999999996275
3439,45.021999999997206
3440,45.0910000000149
3441,45.01699999999255
3442,45.06099999998696
3443,45.037000000011176
3444,45.103999999992084
3445,45.00200000000768
3446,44.99199999999837
3447,45.02700000000186
3448,45.08999999999651
3449,45.05100000000675
3450,45.04099999999744
3451,45.070000000006985
3452,44.986999999993714
3453,45.08499999999185
3454,45.10000000000582
3455,45.08100000000559
3456,45.08999999999651
3457,45.02600000001257
3458,45.046000000002095
3459,45.03599999999278
3460,45.04099999999744
3461,41.187999999994645
3462,44.97200000000885
3463,45.03699999998207
3464,45.06500000000233
3465,45.09600000001956
3466,32.896999999997206
3467,45.05199999999604
3468,45.01699999999255
3469,44.94899999999325
3470,45.05600000001141
3471,45.06099999998696
3472,44.98300000000745
3473,44.96300000001793
3474,44.986999999993714
3475,40.13699999998789
3476,45.070999999996275
3477,45.02600000001257
3478,45.05100000000675
3479,45.03599999999278
3480,45.04099999999744
3481,31.527999999991152
3482,45.05100000000675
3483,45.030999999988126
3484,45.036000000021886
3485,44.971999999979744
3486,45.04099999999744
3487,45.036000000021886
3488,28.97599999999511
3489,44.26600000000326
3490,45.062000000005355
3491,45.04099999999744
3492,45.0570000000007
3493,45.0909999999858
3494,33.00500000000466
3495,45.10099999999511
3496,45.04099999999744
3497,45.12900000001537
3498,45.031999999977415
3499,45.09000000002561
3500,45.079999999987194
3501,45.06099999998696
3502,45.10500000001048
3503,45.046000000002095
3504,5.89000000001397
3505,14.371999999973923
3506,45.12000000002445
3508,45.123999999981606
3510,7.9280000000144355
3512,8.035000000003492
3513,24.32699999999022
3515,42.08100000000559
3516,42.06599999999162
3517,2.7149999999965075
3518,42.994000000006054
3519,45.070999999996275
3520,45.0800000000163
3522,42.07600000000093
3523,44.85499999998137
3524,45.08499999999185
3525,45.04100000002654
3526,45.06099999998696
3527,45.021000000007916
3528,44.99799999999232
3529,45.05600000001141
3530,45.095999999990454
3531,45.10099999999511
3532,45.01699999999255
3533,45.021999999997206
3534,45.09600000001956
3535,45.03599999999278
3536,45.01600000000326
3537,45.046000000002095
3538,45.10000000000582
3539,45.030999999988126
3540,45.00200000000768
3542,45.006999999983236
3543,45.021000000007916
3544,45.021999999997206
3545,45.001000000018394
3546,44.987999999983
3547,45.02600000001257
3548,37.91899999999441
3549,45.01600000000326
3550,45.006999999983236
3551,44.99199999999837
3552,40.186000000016065
3553,45.021999999997206
3554,45.06500000000233
3555,45.00200000000768
3556,45.015999999974156
3558,45.01700000002165
3559,45.01199999998789
3560,44.47299999999814
3561,45.00200000000768
3562,44.71799999999348
3563,45.00200000000768
3564,44.96799999999348
3565,44.743000000016764
3566,45.079999999987194
3567,23.105000000010477
3568,45.0109999999986
3569,45.046000000002095
3570,45.01699999999255
3571,45.00200000000768
3572,45.0109999999986
3573,40.68699999997625
3575,45.02700000000186
3576,45.04100000002654
3577,45.05099999997765
3578,44.99600000001374
3579,44.329999999987194
3580,45.0800000000163
3581,45.01199999998789
3582,45.00700000001234
3583,44.99199999999837
3584,45.10599999999977
3585,45.02700000000186
3586,45.021999999997206
3587,45.021999999997206
3588,44.98300000000745
3589,45.01199999998789
3590,44.99199999999837
3591,44.97200000000885
3592,45.01199999998789
3593,45.05100000000675
3594,45.070000000006985
3595,44.99199999999837
3596,45.06899999998859
3597,44.97400000001653
3598,44.971999999979744
3599,45.037000000011176
3600,44.99199999999837
3601,44.961999999999534
3602,44.99700000000303
3603,45.07499999998254
3604,45.02200000002631
3605,45.064999999973224
3606,45.012000000017
3607,45.02599999998347
3608,45.01700000002165
3609,45.005999999993946
3610,45.086000000010245
3611,45.02099999997881
3612,44.993000000016764
3613,45.070999999996275
3614,45.06599999999162
3615,45.03200000000652
3616,45.05199999999604
3617,44.98800000001211
3618,29.205999999976484
3619,2.4540000000270084
3620,45.03699999998207
3621,35.3410000000149
3622,45.006999999983236
3624,45.01699999999255
3625,45.00600000002305
3626,44.97299999999814
3627,45.00099999998929
3628,44.986999999993714
3629,45.00700000001234
3630,26.63399999999092
3631,45.012000000017
3632,45.03599999999278
3633,45.07499999998254
3634,45.01700000002165
3635,45.05999999999767
3636,41.546999999991385
3638,44.96799999999348
3639,44.89400000000023
3640,45.013000000006286
3641,45.06599999999162
3642,45.00200000000768
3643,45.01800000001094
3644,45.00199999997858
3645,45.04100000002654
3646,45.006999999983236
3647,45.001000000018394
3648,45.07599999997183
3649,45.03100000001723
3650,44.9769999999844
3651,45.04800000000978
3652,45.05900000000838
3653,45.04099999999744
3654,45.006999999983236
3655,44.961999999999534
3656,45.061000000016065
3657,45.02600000001257
3658,45.006999999983236
3659,45.08999999999651
3660,45.061000000016065
3661,45.046000000002095
3662,45.04999999998836
3663,45.03200000000652
3664,44.986999999993714
3665,45.079999999987194
3666,45.061000000016065
3667,45.095999999990454
3668,45.10000000000582
3669,45.13000000000466
3670,45.095999999990454
3671,45.070999999996275
3672,45.037000000011176
3673,45.07600000000093
3674,45.055999999982305
3675,45.09000000002561
3676,45.055999999982305
3677,45.02600000001257
3678,45.01699999999255
3679,44.986999999993714
3680,45.085000000020955
3681,45.13399999999092
3682,45.08999999999651
3683,45.02700000000186
3684,42.8519999999844
3685,45.09000000002561
3686,45.095000000001164
3687,45.05099999997765
3688,45.1140000000014
3689,45.08999999999651
3690,45.08100000000559
3691,45.1140000000014
3692,45.110000000015134
3693,45.055999999982305
3694,45.070000000006985
3695,45.086000000010245
3696,45.125
3697,45.031999999977415
3698,45.07100000002538
3699,45.02699999997276
3700,45.06600000002072
3701,45.05199999999604
3702,45.07399999999325
3703,45.111999999993714
3704,45.06500000000233
3705,45.04099999999744
3706,44.070000000006985
3707,45.02600000001257
3708,45.030999999988126
3709,45.04099999999744
3710,45.0800000000163
3711,45.070999999996275
3712,45.06999999997788
3713,45.07600000000093
3714,45.09000000002561
3715,45.055999999982305
3716,41.404000000009546
3717,5.728000000002794
3719,45.06099999998696
3720,45.10000000000582
3721,45.10099999999511
3722,44.85000000000582
3723,45.0909999999858
3724,45.07100000002538
3725,45.06199999997625
3727,45.061000000016065
3728,45.070999999996275
3729,10.77400000000489
3730,42.4199999999837
3731,42.13000000000466
3732,26.26600000000326
3733,45.095000000001164
3734,45.03599999999278
3735,45.07500000001164
3736,45.06099999998696
3739,45.110000000015134
3740,45.10999999998603
3741,45.07500000001164
3742,45.01600000000326
3743,45.10999999998603
3744,45.04099999999744
3745,33.413000000000466
3747,45.18800000002375
3749,9.080999999976484
3750,45.08999999999651
3751,45.046000000002095
3752,45.0800000000163
3753,44.962999999988824
3754,44.937999999994645
3755,45.09700000000885
3756,45.029999999998836
3758,45.086000000010245
3759,45.06599999999162
3760,45.061000000016065
3761,45.031999999977415
3762,45.12100000001374
3763,45.021999999997206
3764,45.06500000000233
3765,45.055999999982305
3766,45.09000000002561
3767,45.10999999998603
3768,45.11499999999069
3769,45.0800000000163
3770,45.03599999999278
3771,45.02700000000186
3772,20.82699999999022
3773,45.0800000000163
3774,45.08499999999185
3775,45.06099999998696
3776,45.11500000001979
3777,45.07499999998254
3778,45.00700000001234
3779,45.03599999999278
3780,45.086000000010245
3781,45.06099999998696
3782,45.06700000001001
3783,45.01199999998789
3784,45.02200000002631
3785,45.021999999997206
3786,44.938999999983935
3787,44.977000000013504
3788,45.02099999997881
3789,45.00200000000768
3790,45.02600000001257
3791,45.05099999997765
3792,44.99700000000303
3793,45.03900000001886
3794,38.430999999982305
3795,45.021999999997206
3796,45.095000000001164
3798,45.02600000001257
3799,45.021999999997206
3800,45.06500000000233
3801,45.00200000000768
3802,45.03599999999278
3803,45.08499999999185
3804,45.11500000001979
3805,45.06099999998696
3806,36.00899999999092
3807,45.06600000002072
3808,45.11899999997695
3809,45.01700000002165
3811,45.10499999998137
3812,45.02700000000186
3813,45.06700000001001
3814,45.05600000001141
3815,45.06599999999162
3816,21.3179999999993
3817,45.095999999990454
3818,45.125
3819,45.070999999996275
3820,43.30800000001909
3821,45.079999999987194
3822,44.99700000000303
3823,45.02700000000186
3824,25.956000000005588
3825,44.95299999997951
3826,45.1140000000014
3827,45.10500000001048
3828,30.29099999999744
3829,45.05600000001141
3830,45.04099999999744
3831,45.05100000000675
3832,45.0109999999986
3833,45.11499999999069
3834,45.02599999998347
3835,45.046000000002095
3836,45.08100000000559
3837,45.08999999999651
3841,45.00600000002305
3842,45.006999999983236
3843,45.012000000017
3844,45.08999999999651
3845,45.07600000000093
3846,45.080999999976484
3847,45.04700000002049
3848,33.28599999999278
3849,41.51699999999255
3850,44.93400000000838
3851,45.070999999996275
3852,45.04099999999744
3853,45.08999999999651
3854,27.768000000010943
3855,45.046000000002095
3856,45.021000000007916
3857,45.095000000001164
3858,45.09999999997672
3859,45.125
3860,45.08999999999651
3861,45.0800000000163
3862,45.02599999998347
3863,45.012000000017
3864,45.04099999999744
3865,45.01699999999255
3866,45.070000000006985
3868,44.98300000000745
3869,45.095999999990454
3870,31.527999999991152
3871,45.11500000001979
3873,45.05199999999604
3874,45.14499999998952
3875,29.65799999999581
3876,45.00200000000768
3877,45.079999999987194
3878,45.125
3879,25.721000000019558
3880,45.01600000000326
3881,45.030999999988126
3882,42.55799999998999
3883,45.09000000002561
3884,45.2269999999844
3885,45.18900000001304
3886,45.187999999994645
3887,45.17799999998533
3888,45.18900000001304
3889,35.772999999986496
3890,45.22299999999814
3891,45.14900000000489
3892,27.910000000003492
3893,45.070999999996275
3894,45.005999999993946
3895,33.919000000023516
3896,45.08999999999651
3897,45.10499999998137
3898,45.163000000000466
3899,29.580000000016298
3900,45.1589999999851
3901,45.03200000000652
3902,45.07600000000093
3903,45.01699999999255
3904,45.021999999997206
3905,45.02700000000186
3906,45.01700000002165
3907,42.380999999993946
3908,45.086000000010245
3909,35.71899999998277
3911,20.788000000000466
3912,44.977000000013504
3913,45.09999999997672
3914,45.03100000001723
3915,45.06099999998696
3916,45.10000000000582
3917,45.02600000001257
3918,40.74199999999837
3919,45.095000000001164
3920,45.08999999999651
3921,45.079999999987194
3922,45.07500000001164
3923,45.095000000001164
3924,45.17499999998836
3925,45.061000000016065
3926,45.031999999977415
3927,44.993000000016764
3928,45.046000000002095
3929,44.987999999983
3931,45.06600000002072
3932,45.03699999998207
3933,45.021000000007916
3934,45.05100000000675
3935,45.079999999987194
3936,45.00700000001234
3937,45.055999999982305
3938,45.036000000021886
3939,45.09999999997672
3941,45.09000000002561
3942,45.10999999998603
3943,45.14400000000023
3944,45.10000000000582
3945,45.03599999999278
3946,45.08999999999651
3947,45.08499999999185
3948,45.085000000020955
3949,45.046000000002095
3950,45.08599999998114
3951,45.0800000000163
3952,33.15200000000186
3953,45.08599999998114
3954,45.070000000006985
3955,34.69399999998859
3959,34.97900000002119
3960,45.0570000000007
3961,45.070999999996275
3962,45.095000000001164
3963,45.08599999998114
3964,45.06700000001001
3965,21.11699999999837
3966,45.11999999999534
3967,22.75600000002305
3968,45.064999999973224
3969,25.87400000001071
3970,45.03599999999278
3971,45.0800000000163
3972,45.06099999998696
3973,45.021000000007916
3974,45.00200000000768
3975,44.99199999999837
3976,45.070000000006985
3977,26.496999999973923
3978,45.03100000001723
3979,32.69099999999162
3981,44.904000000009546
3982,26.771000000007916
3983,40.789999999979045
3984,45.03200000000652
3985,45.04199999998673
3986,45.061000000016065
3987,45.00200000000768
3988,44.98299999997835
3989,45.06700000001001
3990,44.98199999998906
3991,44.978000000002794
3992,28.494000000006054
3994,44.96799999999348
3995,44.98200000001816
3996,45.01600000000326
3997,45.00199999997858
3998,45.070999999996275
3999,45.109000000025844
4000,45.19399999998859
4001,45.0109999999986
4002,44.98199999998906
4003,44.978000000002794
4004,45.085000000020955
4005,44.961999999999534
4006,45.01199999998789
4007,44.99199999999837
4008,45.021000000007916
4009,44.98300000000745
4010,45.04999999998836
4011,45.01199999998789
4012,34.21300000001793
4014,45.095000000001164
4015,44.98199999998906
4016,33.38300000000163
4017,45.10599999999977
4018,23.654999999998836
4019,45.05100000000675
4020,45.08100000000559
4021,45.070999999996275
4022,45.071999999985565
4023,45.06600000002072
4024,45.02599999998347
4025,45.03200000000652
4026,45.10899999999674
4027,22.953000000008615
4028,45.079999999987194
4029,45.01699999999255
4030,45.06500000000233
4031,45.11999999999534
4033,45.01100000002771
4034,45.01699999999255
4035,45.11999999999534
4036,45.046000000002095
4038,45.021000000007916
4039,36.08299999998417
4040,45.04099999999744
4041,45.110000000015134
4042,45.06999999997788
4043,45.05600000001141
4044,45.03599999999278
4045,45.021000000007916
4046,45.021999999997206
4047,45.06500000000233
4048,44.98800000001211
4049,45.055999999982305
4050,45.03200000000652
4051,45.0570000000007
4052,45.046000000002095
4053,44.91899999999441
4054,36.90299999999115
4055,45.09600000001956
4056,45.07600000000093
4057,45.00099999998929
4058,45.06599999999162
4059,45.061000000016065
4060,45.05100000000675
4061,30.962999999988824
4062,45.08999999999651
4063,45.05600000001141
4064,45.02599999998347
4065,45.0800000000163
4066,45.08999999999651
4067,45.04199999998673
4069,45.070000000006985
4071,45.01199999998789
4072,45.095000000001164
4073,45.095000000001164
4074,45.062000000005355
4075,45.086000000010245
4076,45.055999999982305
4077,45.037000000011176
4079,45.012000000017
4080,44.99799999999232
4081,44.9769999999844
4082,45.0800000000163
4083,45.06599999999162
4084,45.04099999999744
4085,45.05600000001141
4086,44.99199999999837
4087,45.0109999999986
4088,9.14999999999418
4089,3.323000000003958
4090,45.10000000000582
4091,45.05099999997765
4092,45.06600000002072
4093,45.095000000001164
4095,45.07499999998254
4096,45.070999999996275
4097,45.085000000020955
4098,45.08499999999185
4101,45.01600000000326
4102,45.06599999999162
4105,45.05600000001141
4107,45.10499999998137
4108,45.07500000001164
4109,45.06099999998696
4110,40.103000000002794
4111,45.037000000011176
4113,45.03200000000652
4114,45.030999999988126
4115,45.111000000004424
4116,45.04199999998673
4117,44.978000000002794
4118,45.03100000001723
4119,45.0909999999858
4120,45.05100000000675
4121,44.97200000000885
4122,45.03599999999278
4123,44.977000000013504
4126,45.070999999996275
4127,44.9769999999844
4128,45.03599999999278
4129,45.13000000000466
4130,45.036000000021886
4131,41.95799999998417
4132,45.01199999998789
4133,44.99700000000303
4134,45.06500000000233
4135,44.98700000002282
4137,45.007999999972526
4142,45.02700000000186
4144,40.08900000000722
4145,44.98200000001816
4146,42.43599999998696
4147,45.021999999997206
4148,45.01699999999255
4149,45.07600000000093
4150,44.99199999999837
4151,44.94700000001467
4152,45.06599999999162
4153,45.03599999999278
4154,45.05600000001141
4155,45.030999999988126
4156,45.085000000020955
4157,45.080999999976484
4158,45.036000000021886
4159,44.95199999999022
4160,45.046000000002095
4161,42.2390000000014
4162,45.054999999993015
4163,45.02000000001863
4164,45.06699999998091
4165,45.012000000017
4166,45.055999999982305
4167,45.04099999999744
4168,45.02600000001257
4169,45.01699999999255
4170,44.251000000018394
4171,33.60899999999674
4172,44.962999999988824
4173,45.08100000000559
4174,45.08599999998114
4175,45.061000000016065
4176,45.070999999996275
4177,45.04200000001583
4178,32.67699999999604
4179,45.070999999996275
4180,44.99599999998463
4181,45.05100000000675
4182,44.913999999989755
4183,45.036000000021886
4185,45.05099999997765
4186,45.070000000006985
4190,45.012000000017
4191,44.93299999998999
4192,45.01600000000326
4193,44.95799999998417
4194,45.036000000021886
4195,45.06599999999162
4196,45.005999999993946
4197,45.061000000016065
4198,44.99699999997392
4199,45.05100000000675
4200,44.99199999999837
4201,44.96700000000419
4202,44.94800000000396
4203,44.986999999993714
4204,32.04300000000512
4205,24.151000000012573
4207,6.262999999977183
4208,6.5530000000144355
4209,44.889999999984866
4210,44.919000000023516
4211,45.006999999983236
4212,45.02700000000186
4213,44.96799999999348
4214,44.944000000017695
4215,45.070999999996275
4216,44.9769999999844
4217,44.953000000008615
4218,45.021000000007916
4219,45.046000000002095
4220,45.04099999999744
4221,42.93499999999767
4222,44.9769999999844
4223,45.012000000017
4224,45.046000000002095
4225,44.986999999993714
4226,44.96700000000419
4227,45.01699999999255
4228,45.03599999999278
4229,44.93800000002375
4230,44.99699999997392
4231,44.978000000002794
4232,45.062000000005355
4233,45.012000000017
4234,44.987999999983
4235,45.02700000000186
4236,44.96799999999348
4237,45.00700000001234
4238,45.06500000000233
4239,45.046000000002095
4240,44.95799999998417
4242,23.316000000020722
4244,29.81899999998859
4245,45.01199999998789
4246,45.05100000000675
4247,45.05600000001141
4248,45.04099999999744
4249,44.986999999993714
4250,44.986999999993714
4251,45.02600000001257
4252,34.60999999998603
4253,45.037000000011176
4254,45.045000000012806
4255,44.9429999999993
4256,44.98299999997835
4257,45.05000000001746
4258,44.9429999999993
4259,44.91899999999441
4260,44.961999999999534
4261,44.937999999994645
4262,45.01699999999255
4264,43.368000000016764
4265,44.96799999999348
4266,45.01699999999255
4267,45.037000000011176
4268,45.046000000002095
4269,44.94899999999325
4270,45.0910000000149
4271,45.00099999998929
4272,39.54899999999907
4273,6.5719999999855645
4274,31.219000000011874
4275,45.046000000002095
4276,45.021000000007916
4277,44.93299999998999
4278,45.05600000001141
4279,45.021999999997206
4280,45.03599999999278
4281,45.03599999999278
4282,44.961999999999534
4283,45.06600000002072
4284,45.06099999998696
4285,44.99199999999837
4286,45.046000000002095
4287,44.978000000002794
4288,44.92300000000978
4290,44.97299999999814
4291,44.889999999984866
4293,44.95800000001327
4295,44.33999999999651
4296,41.89999999999418
4297,44.962999999988824
4298,45.070000000006985
4299,44.98300000000745
4300,44.9769999999844
4301,44.94800000000396
4302,44.94700000001467
4303,44.962999999988824
4304,44.98200000001816
4305,44.86899999997695
4306,44.98200000001816
4307,44.98299999997835
4308,45.0800000000163
4309,44.92300000000978
4310,44.986999999993714
4311,44.9089999999851
4314,45.05100000000675
4315,39.20900000000256
4316,5.861000000004424
4317,44.90399999998044
4318,44.90800000002491
4319,44.91899999999441
4320,44.95199999999022
4321,45.06700000001001
4322,45.0449999999837
4323,44.944000000017695
4324,45.021999999997206
4325,45.02700000000186
4326,45.021999999997206
4327,44.98300000000745
4328,44.962999999988824
4329,44.9429999999993
4330,45.00200000000768
4331,44.65799999999581
4332,44.95799999998417
4333,44.97200000000885
4334,45.07600000000093
4335,45.07500000001164
4336,44.96700000000419
4337,45.04099999999744
4338,45.006999999983236
4339,45.046000000002095
4340,45.01699999999255
4341,44.903000000020256
4342,45.021999999997206
4343,44.9769999999844
4344,45.04099999999744
4345,45.00200000000768
4346,45.046000000002095
4347,45.05100000000675
4348,45.04099999999744
4349,45.01600000000326
4350,45.01699999999255
4351,45.07600000000093
4352,45.00700000001234
4353,44.987999999983
4354,44.94800000000396
4355,45.02700000000186
4356,45.06599999999162
4357,33.92399999999907
4358,33.4320000000007
4359,45.03200000000652
4360,45.10000000000582
4362,45.03599999999278
4364,42.095999999990454
4365,42.111000000004424
4366,3.956000000005588
4367,45.02600000001257
4368,45.055999999982305
4369,45.08999999999651
4370,45.046000000002095
4371,45.12000000002445
4372,45.08999999999651
4373,45.06500000000233
4374,45.03699999998207
4375,45.06500000000233
4376,45.110000000015134
4377,45.00299999999697
4378,25.239999999990687
4380,44.962999999988824
4381,45.061000000016065
4382,44.95900000000256
4383,45.021999999997206
4384,45.006999999983236
4385,45.03200000000652
4386,45.02600000001257
4387,45.04099999999744
4388,45.046000000002095
4389,45.046000000002095
4390,45.01600000000326
4391,45.01199999998789
4392,45.01199999998789
4393,42.194000000017695
4394,3.6859999999869615
4405,17.312999999994645
4406,42.07100000002538
4407,42.070999999996275
4408,44.99700000000303
4409,44.898999999975786
4410,44.98200000001816
4411,44.9429999999993
4412,44.94800000000396
4413,44.9769999999844
4414,45.00700000001234
4415,45.00099999998929
4416,44.91899999999441
4417,44.94700000001467
4418,45.02700000000186
4419,44.953000000008615
4420,45.01699999999255
4421,45.02700000000186
4422,45.01299999997718
4423,44.93300000001909
4424,44.987999999983
4425,14.073000000003958
4426,44.97299999999814
4427,45.00700000001234
4428,45.01600000000326
4429,44.98300000000745
4431,44.9769999999844
4432,44.99199999999837
4433,44.977000000013504
4434,45.006999999983236
4435,45.0800000000163
4436,45.01199999998789
4437,45.0109999999986
4438,45.00200000000768
4439,45.04099999999744
4440,45.02600000001257
4441,44.99699999997392
4442,44.978000000002794
4444,44.99700000000303
4445,44.89999999999418
4446,44.95800000001327
4447,44.98300000000745
4449,41.74299999998766
4450,45.04200000001583
4451,45.080999999976484
4452,45.05500000002212
4453,45.05099999997765
4454,45.046000000002095
4455,45.04099999999744
4456,45.04100000002654
4457,45.055999999982305
4458,45.061000000016065
4459,45.05999999999767
4460,45.01699999999255
4461,29.902999999991152
4462,44.99199999999837
4463,45.0109999999986
4464,45.046000000002095
4465,45.037000000011176
4466,41.9429999999993
4467,45.030999999988126
4468,26.73300000000745
4469,42.07600000000093
4470,45.095000000001164
4472,45.05100000000675
4473,45.02099999997881
4474,45.00200000000768
4475,45.061000000016065
4476,45.06099999998696
4477,45.03200000000652
4479,45.05199999999604
4480,45.00700000001234
4481,45.021999999997206
4483,45.0570000000007
4484,45.06599999999162
4485,45.046000000002095
4486,45.01600000000326
4489,44.95299999997951
4490,44.98700000002282
4491,44.96700000000419
4492,23.747999999992317
4494,45.02599999998347
4495,45.02700000000186
4496,44.98700000002282
4497,44.947999999974854
4499,45.01600000000326
4500,44.977000000013504
4501,45.01199999998789
4502,44.97200000000885
4503,44.92399999999907
4504,44.95199999999022
4505,45.036000000021886
4506,44.99699999997392
4508,44.953000000008615
4510,29.613000000012107
4511,44.99199999999837
4512,45.03599999999278
4513,45.03200000000652
4514,44.99700000000303
4515,45.046999999991385
4516,44.98300000000745
4517,45.08100000000559
4518,44.98299999997835
4519,45.046000000002095
4520,45.08100000000559
4521,45.08100000000559
4522,45.00099999998929
4524,44.99700000000303
4525,45.03599999999278
4526,45.02700000000186
4527,45.036000000021886
4528,45.06099999998696
4529,45.08999999999651
4530,44.97200000000885
4531,45.046000000002095
4532,44.937999999994645
4533,23.777000000001863
4534,45.030999999988126
4536,45.070999999996275
4537,39.53300000002491
4539,45.021999999997206
4540,44.987999999983
4542,44.953999999997905
4543,44.977000000013504
4544,45.05199999999604
4545,45.03200000000652
4546,45.01199999998789
4547,45.086000000010245
4548,45.030999999988126
4549,45.046000000002095
4551,39.95600000000559
4552,45.00099999998929
4553,45.01700000002165
4554,44.9769999999844
4555,45.061000000016065
4556,44.961999999999534
4557,45.05099999997765
4558,45.01700000002165
4559,44.98199999998906
4560,45.03599999999278
4561,45.00700000001234
4562,45.00800000000163
4563,45.038999999989755
4564,44.99700000000303
4565,45.05100000000675
4566,45.00199999997858
4567,45.070000000006985
4569,45.00200000000768
4570,45.05100000000675
4571,45.07600000000093
4572,45.021999999997206
4573,45.01199999998789
4574,45.02700000000186
4575,45.021999999997206
4576,45.03200000000652
4577,45.070999999996275
4578,45.01699999999255
4580,24.421000000002095
4581,44.97200000000885
4582,45.00700000001234
4583,45.04099999999744
4584,45.02599999998347
4585,45.061000000016065
4587,26.46700000000419
4588,44.88399999999092
4589,45.021000000007916
4590,45.046000000002095
4591,45.06599999999162
4592,27.10999999998603
4593,45.001000000018394
4594,45.006999999983236
4595,45.06600000002072
4596,45.04599999997299
4597,44.99800000002142
4598,44.97299999999814
4601,44.96799999999348
4602,44.97299999999814
4603,45.00700000001234
4604,19.27599999998347
4605,45.01700000002165
4606,45.031999999977415
4607,31.203999999997905
4608,45.03100000001723
4609,45.04099999999744
4610,45.02599999998347
4611,22.884000000020023
4612,45.04099999999744
4613,45.006999999983236
4614,45.021000000007916
4615,44.99199999999837
4616,45.012000000017
4617,45.015999999974156
4618,45.00200000000768
4619,18.372999999992317
4620,45.01100000002771
4621,36.87799999999697
4622,45.01199999998789
4623,45.04099999999744
4624,31.44000000000233
4625,44.98199999998906
4626,45.001000000018394
4628,44.98300000000745
4630,44.961999999999534
4631,45.04899999999907
4632,44.96499999999651
4634,45.031999999977415
4635,45.00700000001234
4636,45.013000000006286
4637,44.986999999993714
4638,45.00299999999697
4639,44.96300000001793
4640,44.99699999997392
4642,44.96300000001793
4643,44.98199999998906
4644,44.977000000013504
4645,44.98199999998906
4646,44.953000000008615
4647,45.02599999998347
4648,43.485000000015134
4649,44.986999999993714
4650,44.98199999998906
4651,44.97300000002724
4652,44.96699999997509
4653,45.01700000002165
4654,44.84399999998277
4655,45.02700000000186
4656,37.4090000000142
4657,44.9769999999844
4659,45.00800000000163
4660,45.046000000002095
4662,45.0230000000156
4664,34.875
4665,29.09399999998277
4666,45.05199999999604
4667,44.99100000000908
4668,44.95800000001327
4669,27.723999999987427
4670,44.961999999999534
4671,44.99199999999837
4672,45.00700000001234
4673,45.00199999997858
4674,45.0109999999986
4675,25.412000000011176
4676,45.02600000001257
4677,45.04599999997299
4678,44.928000000014435
4679,44.986999999993714
4680,42.18499999999767
4681,45.036000000021886
4682,45.05999999999767
4683,44.99199999999837
4684,45.031999999977415
4685,45.021000000007916
4686,44.98200000001816
4687,45.03599999999278
4688,45.02700000000186
4689,44.94800000000396
4690,44.55099999997765
4691,45.00700000001234
4692,45.00700000001234
4693,44.987999999983
4694,29.005000000004657
4695,45.01699999999255
4696,44.993000000016764
4697,45.055999999982305
4698,44.99199999999837
4699,45.021000000007916
4700,39.09200000000419
4701,44.99199999999837
4702,45.05100000000675
4703,37.2269999999844
4704,45.01600000000326
4705,44.986999999993714
4706,45.08100000000559
4707,44.99199999999837
4708,45.001000000018394
4709,45.00199999997858
4710,44.92300000000978
4711,44.91899999999441
4713,45.078999999997905
4714,26.013999999995576
4717,8.468000000022585
4718,3.3999999999941792
4719,1.698999999993248
4724,8.586000000010245
4726,1.0950000000011642
4730,2.5359999999927823
